id,title
A846U-X,4th of July - 4th of July Cards
A846U-X,4th of July - 4th of July Cards
163D-X,4th of July Nostalgia - 4th of July Cards
A2051U-X,American Spirit - 4th of July Cards
A5070U-X,Banner 4th of July - 4th of July Cards
D4076D-Y,Celebrate Freedom - 4th of July Cards
D4093D-Y,Celebrating Our Customers - 4th of July Cards
940U-X,Fireworks - 4th of July Cards
967D-Y,Fourth of July Monument - 4th of July Cards
A6045U-X,Happy 4th - 4th of July Cards
X48D-X,Happy Birthday America - 4th of July Cards
A4067U-X,July 4th Sparkler - 4th of July Cards
744U-X,Liberty 4th of July - 4th of July Cards
X60T-Z,Appointment Thanks - Appointment Thank You Cards
X59P-ZZ,Appointment Thanks Postcard - Appointment Thank You Cards
A6034U-X,Birthday GPS - Auto Birthday Cards
A617U-X,Birthday Miles - Auto Birthday Cards
A3028U-X,Birthday Signs - Auto Birthday Cards
A5045U-Y,Chrome Wishes - Auto Birthday Cards
H8554D-AA,Filled With Joy - Auto Holiday Cards
H3171U-AA,Greetings on the Go - Auto Holiday Cards
H2194U-AA,Holiday Highway - Auto Holiday Cards
H5188U-AA,Winter Cruisin' - Auto Holiday Cards
A6033U-X,Beetle Birthday - Automotive Birthday Cards
AX30D-Y,Birthday Joy - Automotive Birthday Cards
A3023U-X,Cadillac Style - Automotive Birthday Cards
A5044U-X,Three Ninety Six - Automotive Birthday Cards
X562U-AA,Auto Greetings - Automotive Holiday Cards
H1311U-A,Classic Car Greetings - Automotive Holiday Cards
H2189U-AA,Fairlane Christmas - Automotive Holiday Cards
DX581D-A,Holiday Car - Automotive Holiday Cards
H3168U-AA,Holiday Drive - Automotive Holiday Cards
H6163U-A,Holiday Rims - Automotive Holiday Cards
H6161U-AA,Holiday Travels - Automotive Holiday Cards
H4221U-AA,Snow Tires - Automotive Holiday Cards
H5182S-AAA,Snow Tracks - Automotive Holiday Cards
AO501,Birthday Assortment - Birthday Card Assortment Packs
AO600,Birthday Assortment - Birthday Card Assortment Packs
AO601,Birthday Assortment - Birthday Card Assortment Packs
AO404,Birthday Postcard Assortment - Birthday Card Assortment Packs
AO605,Birthday Postcard Assortment - Birthday Card Assortment Packs
AO502,Kids Birthday Assortment - Birthday Card Assortment Packs
AO602,Religious Birthday Assortment - Birthday Card Assortment Packs
452P-ZZ,Balloons Postcard - Birthday PostCards
936P-ZZ,Cupcake Postcard - Birthday PostCards
A5100P-ZZ,Graphic Floral Postcard - Birthday PostCards
A3211P-ZZ,Green Leaves Birthday Postcard - Birthday PostCards
A6027P-ZZ,Package Postcard - Birthday PostCards
152P-ZZ,Rainbow Postcard - Birthday PostCards
838P-ZZ,Tropical Postcard - Birthday PostCards
H6150T-B,Family Traditions - Budget Holiday Cards
A4061U-X,Anniversary Foliage - Business Anniversary Cards
A3061U-X,Anniversary Wreath - Business Anniversary Cards
A2046U-X,Classic Anniversary - Business Anniversary Cards
635U-X,Formal Anniversary - Business Anniversary Cards
A2004S-W,Abstract Birthday - Business Birthday Cards
A439T-Z,Birthday Balloons - Business Birthday Cards
A4014U-X,Birthday Bubbles - Business Birthday Cards
A5012U-X,Birthday Celebration - Business Birthday Cards
A4040U-X,Birthday Cheer - Business Birthday Cards
A4043D-X,Birthday Chevron - Business Birthday Cards
A5002G-W,Birthday Circles - Business Birthday Cards
A634T-Z,Birthday Fiesta - Business Birthday Cards
A4013U-X,Birthday Filigree - Business Birthday Cards
A3039D-Y,Birthday Pattern - Business Birthday Cards
A4044U-Y,Birthday Rays - Business Birthday Cards
701S-W,Birthday Sparkle - Business Birthday Cards
625D-Y,Cake and Balloons - Business Birthday Cards
A2024U-Y,Cake Surprise - Business Birthday Cards
A5006S-W,Candle Stripes - Business Birthday Cards
A4008G-W,Celebration Stars - Business Birthday Cards
A5001S-W,Colorful Medallions - Business Birthday Cards
A812U-X,Contemporary Birthday - Business Birthday Cards
A812U-X,Contemporary Birthday - Business Birthday Cards
A110U-X,Corporate Happy Birthday - Business Birthday Cards
A5003G-W,Crazy Cake - Business Birthday Cards
A2010G-W,Cupcake Birthday - Business Birthday Cards
A4005G-W,Damask Greetings - Business Birthday Cards
A4012U-X,Dotted Birthday - Business Birthday Cards
A5013U-X,Dragonfly - Business Birthday Cards
502S-W,Executive Birthday - Business Birthday Cards
A4003G-W,Fashionable Stripes - Business Birthday Cards
A2003S-W,Glitter Balloons - Business Birthday Cards
A6000G-4W,Gold Lustre Birthday - Business Birthday Cards
A3002G-W,Golden Balloons - Business Birthday Cards
A4000G-4W,Golden Birthday - Business Birthday Cards
A5005G-W,Golden Stars - Business Birthday Cards
A5022U-Y,Graphic Birthday - Business Birthday Cards
A2013U-X,Happy Packages - Business Birthday Cards
A2000G-4W,Magic Surprise - Business Birthday Cards
AX29D-Y,Make A Wish - Business Birthday Cards
A4004S-W,Modern Birthday - Business Birthday Cards
A5024U-Y,Monster Bash Maze - Business Birthday Cards
A6001G-W,On Your Birthday - Business Birthday Cards
A3042T-Z,Package Icon - Business Birthday Cards
A3003G-W,Party Cake - Business Birthday Cards
A3005G-4W,Patterned Balloons - Business Birthday Cards
A5025U-Y,Pink Owl - Business Birthday Cards
A6002S-W,Simple Chevron - Business Birthday Cards
985KW-X,Simple Pleasures - Business Birthday Cards
A2028D-Y,Star Birthday - Business Birthday Cards
A4031U-X,Star Cupcake - Business Birthday Cards
A5004G-W,Streamers & Balloons - Business Birthday Cards
A4009G-W,Stylish Birthday - Business Birthday Cards
A2031T-Z,Waterfall - Business Birthday Cards
A4055P-ZZ,Balloon Party Postcard - Business Birthday PostCards
151P-ZZ,Plaid Postcard - Business Birthday PostCards
X35P-ZZ,Present Postcard - Business Birthday PostCards
C6076U-AAA,Adirondacks Premium Calendar Cards
D6110U-4A,American Flag Logo Calendar Cards
D6111U-4A,Blue Frame Photo Calendar Cards
D6106U-4A,Blue Waters Logo Calendar Cards
4154P,Calendar Inserts
8568P,Calendar Inserts
C6093U-AAA,Celebration Foil Calendar Cards
D6102U-AA,Chalkboard Calendar Cards
D6098Q-4B,Chevron Magnetic Mini Calendar
D6121Q-B,Chevron Mini Calendar
C6085U-AA,Coral Reef Calendar Cards
C6094U-AAA,Corporate Foil Calendar Cards
D6112U-4A,Corporate Photo Calendar Cards
D6101U-AA,Dramatic Mountain Calendar Cards
D6095Q-4B,Executive Magnetic Mini Calendar
D6118Q-B,Executive Mini Calendar
C6079U-AAA,Executive Premium Calendar Cards
C6078U-AAA,Fireworks Premium Calendar Cards
D6105U-AA,Golf Calendar Cards
D6108U-4A,Graphic Flower Logo Calendar Cards
D4117D-V,Greek Key Monogram - Monogram Note Cards
D6113U-4A,Grey Photo Calendar Cards
C6089U-AA,Growing Cash Calendar Cards
C6092U-AAA,Modern Foil Calendar Cards
D6109U-4A,Modern Logo Calendar Cards
D6096Q-4B,Mountain Magnetic Mini Calendar
D6119Q-B,Mountain Mini Calendar
C6086U-AA,Nostalgic Truck Calendar Cards
D6104U-AA,O Canada Calendar Cards
C6080U-AA,Parkville Pumpkins Calendar Cards
D6117U-4A,Pattern Photo Calendar Cards
C6091U-AA,Red Canoes Calendar Cards
D6116U-4A,Red Damask Photo Calendar Cards
C6088U-AA,Scenic Mercies Calendar Cards
C6083U-AA,Scenic Porch Calendar Cards
C6077U-AAA,Seasons Premium Calendar Cards
C6082U-AA,Squares Calendar Cards
C6090U-AA,Stock Exchange Calendar Cards
D6103U-AA,Stock Market Calendar Cards
D6114U-4A,Stripe Border Photo Calendar Cards
C6087U-AA,Sunflower Calendar Cards
C6081U-AA,Sunrise Calendar Cards
D6107U-4A,Sunset Field Logo Calendar Cards
D6115U-4A,Swirl Photo Calendar Cards
C6084U-AA,Tropical Beach Calendar Cards
D6097Q-4B,Tulips Magnetic Mini Calendar
D6120Q-B,Tulips Mini Calendar
D6100U-AA,Urban Abstract Calendar Cards
C6099T-A,Winter Cardinals Pocket Calendar
H1273G-AAA,Argyle Christmas - Business Christmas Cards
9570D-A,Christmas Blessings - Business Christmas Cards
H3161U-AA,Christmas Candle - Business Christmas Cards
H4237U-A,Christmas Cascade - Business Christmas Cards
H3156G-AAA,Christmas Decor - Business Christmas Cards
H4224U-AA,Christmas Eve - Business Christmas Cards
8548U-AA,Christmas Glow - Business Christmas Cards
H3155G-AAA,Christmas Lights - Business Christmas Cards
H2175G-AAA,Christmas Reflections - Business Christmas Cards
H5196U-AA,Christmas Sparkle - Business Christmas Cards
H1308U-A,Christmas Star - Business Christmas Cards
H1272G-4A,Christmas Trees - Business Christmas Cards
H6136U-AA,Christmas Wishes - Business Christmas Cards
H4200S-4A,Classic Christmas - Business Christmas Cards
H6138U-AA,Cozy Christmas - Business Christmas Cards
9558U-AA,Decorated Pine - Business Christmas Cards
H6132G-AAA,Elegant Christmas - Business Christmas Cards
H2173S-AAA,Glistening Christmas - Business Christmas Cards
H3142G-4A,Golden Pinecones - Business Christmas Cards
H6145D-A,Graphic Christmas - Business Christmas Cards
H1331L-AA,Holiday Snowman - Business Christmas Cards
H2192U-AA,Holiday Welcome - Business Christmas Cards
H6152U-AA,Home for Christmas - Business Christmas Cards
H6143U-A,Merry & Bright - Business Christmas Cards
H1330L-AA,Merry Christmas - Business Christmas Cards
H3176U-AA,O Little Town - Business Christmas Cards
H3152G-AAA,Patterned Christmas - Business Christmas Cards
H4213U-AA,Pine Tree Path - Business Christmas Cards
H4234U-A,Reindeer Sentiments - Business Christmas Cards
H3182U-A,Season's Treats - Business Christmas Cards
H5204U-A,Seasonal Wishes - Business Christmas Cards
H1307U-A,Silent Night - Business Christmas Cards
H3162U-AA,Snowflake Pattern - Business Christmas Cards
H3144G-4A,Snowflake Wreath - Business Christmas Cards
H6147D-A,Stained Glass - Business Christmas Cards
H5190U-AA,Tree Trimming - Business Christmas Cards
H4236U-A,Winter Chapel - Business Christmas Cards
D5209U-A,Believe - Business Holiday Cards
H4239U-AA,Bright Tree - Business Holiday Cards
D4253U-A,Bulldog Greetings - Business Holiday Cards
H6131G-AAA,Cheers - Business Holiday Cards
H1332L-A,Classic Greetings - Business Holiday Cards
HX544S-4A,Classic Holly Border - Business Holiday Cards
H3150G-AAA,Contemporary Gift - Business Holiday Cards
H4199G-4A,Dazzling Ornaments - Business Holiday Cards
H6124G-4A,Dazzling Snowflakes - Business Holiday Cards
9532S-4A,Elegant Snowflakes - Business Holiday Cards
H3173U-AA,Falling Snow - Business Holiday Cards
H5177G-AAA,Filigree Joy - Business Holiday Cards
H3143G-4A,Golden Greetings - Business Holiday Cards
H5176G-AAA,Golden Snowflake - Business Holiday Cards
H4233U-A,Happy Happy Holidays - Business Holiday Cards
D6170D-A,Happy Howlidays - Business Holiday Cards
D3194U-A,High Tech Holiday - Business Holiday Cards
9546G-AAA,Holiday Door - Business Holiday Cards
H6133U-AA,Holiday Flurries - Business Holiday Cards
H6135U-AA,Holiday Ornaments - Business Holiday Cards
H3153S-AAA,Holiday Reindeer - Business Holiday Cards
H2228G-4A,Holiday Snowflake - Business Holiday Cards
H5186U-AA,Holiday Table - Business Holiday Cards
H4226U-AA,Holiday Treats - Business Holiday Cards
X563U-AA,Holiday Tree - Business Holiday Cards
9571D-A,Jingle Bells - Business Holiday Cards
H5178S-AAA,Let It Snow - Business Holiday Cards
H4235U-A,Making Memories - Business Holiday Cards
D6168U-A,Nutcracker - Business Holiday Cards
H4207G-AAA,Ornate Holiday - Business Holiday Cards
H6153U-AA,Over the Bridge - Business Holiday Cards
H4217U-AA,Perfect Poinsettia - Business Holiday Cards
H4223U-AA,Red Berry Branch - Business Holiday Cards
H2182U-AA,Red Berry Wreath - Business Holiday Cards
H1297U-AA,Red Bow Wreath - Business Holiday Cards
H6140D-AA,Rustic Wreath - Business Holiday Cards
H6122G-4A,Season's Dreams - Business Holiday Cards
H6141L-AA,Seasonal Snowflakes - Business Holiday Cards
9531S-4A,Shimmering Snowflake - Business Holiday Cards
H4212S-AAA,Shimmering Winter - Business Holiday Cards
H1271S-4A,Shimmering Wreath - Business Holiday Cards
H4208S-AAA,Silver Sleigh - Business Holiday Cards
H4216U-AA,Snow Drift - Business Holiday Cards
H5171S-AAA,Snowflake Greetings - Business Holiday Cards
7529S-AAA,Snowflake Sparkle - Business Holiday Cards
X548S-AAA,Snowflake Swirls - Business Holiday Cards
H6129G-AAA,Snowflake Thank You - Business Holiday Cards
H5180S-AAA,Snowflake Tree - Business Holiday Cards
H3180U-A,Snowy Ornaments - Business Holiday Cards
H1322T-B,Snowy Sentiments - Business Holiday Cards
H5185U-AA,Sparkle Ribbon - Business Holiday Cards
8534S-AAA,Sparkle Wreath - Business Holiday Cards
H4202S-AAA,Sparkling Pine - Business Holiday Cards
H6128G-AAA,Tis the Season - Business Holiday Cards
H5172G-AAA,Traditional Wreath - Business Holiday Cards
H6151U-AA,Tree of the Seasons - Business Holiday Cards
H5174G-AAA,Watercolor Holly - Business Holiday Cards
H6167U-AA,Western Holidays - Business Holiday Cards
H6123S-4A,Winter Berry Holiday - Business Holiday Cards
H1298U-AA,Winter Frost - Business Holiday Cards
H3188T-B,Holiday Cardinal - Business Mini Calendars
H4242T-B,Plaid Tidings - Business Mini Calendars
H6154U-AA,Cheers to the New Year 2017 - Business New Year's Cards
H6183U-AA,Colorful 2017 - Business New Year's Cards
H6184U-AA,Foil New Year 2017 - Business New Year's Cards
D6185U-A,Happy 2017 - Business New Year's Cards
H6155U-AA,Happy New Year - Business New Year's Cards
D1370D-Y,Blue Stripes Notecard - Business Note Cards
D1368D-Y,Clouds Notecard - Business Note Cards
A543D-X,Corporate Note - Business Note Cards
A1367D-X,Corporate Notecard - Business Note Cards
D1371D-V,Custom Bluebird Notecard - Business Note Cards
X62U-Y,Grand Canyon - Business Note Cards
A4261T-Z,Just a Note Spirals - Business Note Cards
D553D-Y,Patriotic Notecard - Business Note Cards
A1366D-X,Red Stripe Notecard - Business Note Cards
DX61U-Y,Scenic Pond - Business Note Cards
A1365D-X,Silver Blue Border Notecard - Business Note Cards
D111D-V,Blue Border Logo Notecard - Business Notecard
D107D-V,Blue Solid Logo Notecard - Business Notecard
D1369D-V,Custom Blue Swirls Notecard - Business Notecard
D1378D-V,Custom Brocade Notecard - Business Notecard
D1379D-V,Custom Casual Stripes Notecard - Business Notecard
D1377D-V,Custom Dark Brown Notecard - Business Notecard
D1373D-V,Custom Gray Blue Notecard - Business Notecard
D1374D-V,Custom Gray Red Notecard - Business Notecard
D1376D-V,Custom Gray Swirls Notecard - Business Notecard
D1372D-V,Custom Ripple Notecard - Business Notecard
D1375D-V,Custom Squares Notecard - Business Notecard
D113D-V,Flourish Logo Notecard - Business Notecard
D101D-V,Green Border Logo Notecard - Business Notecard
D103D-V,Navy Logo Notecard - Business Notecard
D109D-V,Red Logo Notecard - Business Notecard
D105D-V,Teal Logo Notecard - Business Notecard
A5068U-X,Butterfly Thank You - Business Thank You Cards
X47D-X,Classic Thank You - Business Thank You Cards
A6053D-Y,Colorful Appreciation - Business Thank You Cards
975T-Y,Colorful Thank You - Business Thank You Cards
184D-X,Corporate Thank You - Business Thank You Cards
A2086D-X,Damask Thank You - Business Thank You Cards
870L-X,Executive Thank You - Business Thank You Cards
A2083L-X,Executive Thank You - Business Thank You Cards
A5069D-X,Giving Thanks - Business Thank You Cards
D4114D-Y,Gratitude - Business Thank You Cards
A4060L-X,Modern Thank You - Business Thank You Cards
969LV-X,Sincere Thanks - Client - Business Thank You Cards
970LV-X,Sincere Thanks - Service - Business Thank You Cards
A3071D-X,Sparkling Thank You - Business Thank You Cards
A4258T-Z,Thank You Spirals - Business Thank You Cards
D3075D-V,Thank You Stripes - Business Thank You Cards
A2084D-X,Thank You Wave - Business Thank You Cards
A3072D-Y,Thanks - Business Thank You Cards
A6055L-X,Traditional Thank You - Business Thank You Cards
H5115D-A,Amber Thanks - Business Thanksgiving Cards
H4125G-AAA,American Farm - Business Thanksgiving Cards
9523U-A,Autumn Forest - Business Thanksgiving Cards
H4134U-AA,Autumn in Stowe - Business Thanksgiving Cards
H2107G-AAA,Autumn Radiance - Business Thanksgiving Cards
H4135U-AA,Autumn Sentiments - Business Thanksgiving Cards
H3100U-AA,Autumn Still Life - Business Thanksgiving Cards
H4129U-AA,Autumn Travels - Business Thanksgiving Cards
H3103U-A,Autumn Whimsy - Business Thanksgiving Cards
H4133U-AA,Barn Door Wreath - Business Thanksgiving Cards
H4123G-AAA,Bountiful Thanksgiving - Business Thanksgiving Cards
H5109U-AA,Break Bread - Business Thanksgiving Cards
H3094G-AAA,Classic Thanksgiving - Business Thanksgiving Cards
9515G-AAA,Colorful Business Thanks - Business Thanksgiving Cards
H4128G-AAA,Colorful Reflections - Business Thanksgiving Cards
H3096G-AAA,Colorful Stream - Business Thanksgiving Cards
H2105G-AAA,Colorful Timbers Business Thanks - Business Thanksgiving Cards
H5111D-AA,Elegant Business Thanks - Business Thanksgiving Cards
H4136U-A,Elegant Gathering - Business Thanksgiving Cards
H5122U-AA,Fall Floral - Business Thanksgiving Cards
H5102G-AAA,Fall Lake Estate - Business Thanksgiving Cards
H5105G-AAA,Field of Gratitude - Business Thanksgiving Cards
H5106G-AAA,Foil Branch - Business Thanksgiving Cards
H5107G-AAA,Fruitful Thanksgiving - Business Thanksgiving Cards
H4137U-A,Graphic Leaves - Business Thanksgiving Cards
H1233T-B,Graphic Tree - Business Thanksgiving Cards
H1229U-A,Happy Harvest - Business Thanksgiving Cards
H4130U-AA,Peaceful Trees - Business Thanksgiving Cards
H4139T-B,Pumpkin Pie - Business Thanksgiving Cards
H9520U-AA,Radiant Thank You - Business Thanksgiving Cards
D2119U-A,Retro Tree - Business Thanksgiving Cards
H3106D-A,Rustling Leaves - Business Thanksgiving Cards
H5121T-B,Seasonal Leaf Border - Business Thanksgiving Cards
H5112U-AA,Seasonal Mountain - Business Thanksgiving Cards
H5114U-A,Seasonal Table - Business Thanksgiving Cards
H4122S-AAA,Silver Autumn - Business Thanksgiving Cards
H4132U-AA,Silver Falls Thanksgiving - Business Thanksgiving Cards
H2109U-AA,Sweet Autumn - Business Thanksgiving Cards
H5103G-AAA,Thank You Stream - Business Thanksgiving Cards
X515G-AAA,Thanks for Business Leaves - Business Thanksgiving Cards
H1232D-A,Thanksgiving Beauty - Business Thanksgiving Cards
H1227U-AA,Thanksgiving Farm - Business Thanksgiving Cards
H3098U-AA,Thanksgiving Memories - Business Thanksgiving Cards
H3102U-AA,Thanksgiving Psalm - Business Thanksgiving Cards
H5113U-AA,Thanksgiving Travels - Business Thanksgiving Cards
H5108U-AA,Thanksgiving Wreath - Business Thanksgiving Cards
H3101U-AA,Timberland Path - Business Thanksgiving Cards
H2112U-A,Translucent Leaves - Business Thanksgiving Cards
H5110U-AA,Turkey Day - Business Thanksgiving Cards
H5104G-AAA,Walk in the Woods - Business Thanksgiving Cards
D2118U-A,Warm Thanks - Business Thanksgiving Cards
H3099U-AA,Watercolor Barn - Business Thanksgiving Cards
H3111T-B,Watercolor Leaves - Business Thanksgiving Cards
D3078D-Y,Canada Day Leaf - Canada Day Cards
A1201D-Y,Happy Canada Day - Canada Day Cards
D5085U-Y,Happy Canada Day - Canada Day Cards
A1202D-Y,Muskoka Chair - Canada Day Cards
A1200D-Y,O Canada - Canada Day Cards
A2052D-X,We Are America - Canada Day Cards
A4050U-Y,Birthday Roundup - Children's Birthday Cards
A6026D-Y,Cute Kitty - Children's Birthday Cards
A5026D-Y,Dachshund Party - Children's Birthday Cards
A5021U-X,Equestrian Birthday - Children's Birthday Cards
A5046U-Y,Have a Ball - Children's Birthday Cards
D2023U-Y,Safari - Children's Birthday Cards
A6024U-Y,Treasure Island Birthday - Children's Birthday Cards
D3030U-Y,Under the Sea - Children's Birthday Cards
A4027U-X,Chinese Balloons - Chinese Birthday Cards
A4038U-X,Chinese Beads - Chinese Birthday Cards
132R-X,Chinese Birthday - Chinese Birthday Cards
733R-Y,Chinese Birthday - Chinese Birthday Cards
X40R-Y,Chinese Birthday - Chinese Birthday Cards
D5040D-Y,Chinese Cupcake - Chinese Birthday Cards
A2050R-X,Chinese Koi - Chinese Birthday Cards
147R-Y,Chinese Orchids - Chinese Birthday Cards
D2224R-Y,Chinese Lantern New Year - Chinese New Year Cards
D2223R-Y,Chinese New Year - Chinese New Year Cards
A6057U-X,Fireworks Chinese New Year - Chinese New Year Cards
A6056U-X,Graphic Chinese New Year - Chinese New Year Cards
D5098D-Y,Cinco de Mayo Pattern - Cinco de Mayo Cards
D5097U-Y,Feliz Cinco de Mayo - Cinco de Mayo Cards
D5099D-Y,Mexican Flag - Cinco de Mayo Cards
D751U-Y,Balloon Congratulations - Congratulations Cards
A6051D-X,Celebrity Congratulations - Congratulations Cards
A6050D-X,Chevron Congratulations - Congratulations Cards
A3069D-X,Colorful Congrats - Congratulations Cards
A5064D-X,Confetti Congratulations - Congratulations Cards
A6052D-X,Congrats - Congratulations Cards
864T-X,Congratulations - Congratulations Cards
A4065T-X,Congratulations Stars - Congratulations Cards
A2081D-X,Congratulations Whimsy - Congratulations Cards
177D-X,Formal Congratulations - Congratulations Cards
A5075D-X,Great Job - Congratulations Cards
950D-X,Star Congratulations - Congratulations Cards
AO604,Congratulations Assortment - Congratulations Card Assortment Packs
AO506,Congratulations Assortment - Congratulations Card Assortment Packs
125U-X,Birthday Construction - Construction Birthday Cards
D4105U-Y,Birthday Zone Construction - Construction Birthday Cards
A3037U-Y,Caution Birthday - Construction Birthday Cards
D2098D-V,Construction Logo Card - Construction Birthday Cards
D4106U-Y,Dozer Surprise - Construction Birthday Cards
D2097U-V,Hard Hat Logo Card - Construction Birthday Cards
D139U-Y,Tools - Construction Birthday Cards
D1312D-A,Builder's Wreath - Construction Holiday Cards
D2214U-A,Christmas Construction - Construction Holiday Cards
H1295U-AA,Holiday Construction - Construction Holiday Cards
D2213U-A,Holiday Tools - Construction Holiday Cards
D3185U-A,Santa Builder - Construction Holiday Cards
H1319D-A,Tree Construction - Construction Holiday Cards
X45D-X,Executive Anniversary - Corporate Anniversary Cards
D6173U-4A,Retro Christmas Logo Card - Custom Christmas Cards
D6171L-4A,Shining Star Logo Card - Custom Holiday Cards
D6172U-4A,Snowflake Logo Card - Custom Holiday Cards
D6174U-4B,Winter Timbers Logo Card - Custom Holiday Cards
D110D-V,Blue Border Logo Thank You - Custom Thank You Cards
D106D-V,Blue Solid Logo Thank You - Custom Thank You Cards
D112D-V,Flourish Logo Thank You - Custom Thank You Cards
D100D-V,Green Border Logo Thank You - Custom Thank You Cards
D114D-V,Lt Blue Logo Business Thanks - Custom Thank You Cards
D115D-V,Lt Blue Logo Thank You - Custom Thank You Cards
D102D-V,Navy Logo Thank You - Custom Thank You Cards
D108D-V,Red Logo Thank You - Custom Thank You Cards
D104D-V,Teal Logo Thank You - Custom Thank You Cards
D3081U-Y,Birthday Cleaning - Dental Birthday Cards
A2071U-Y,Birthday Floss - Dental Birthday Cards
D198D-Y,Dental Birthday - Dental Birthday Cards
D4096U-Y,Dental Party - Dental Birthday Cards
D4097U-Y,Happy Teeth - Dental Birthday Cards
D196U-Y,Magic Toothbrush - Dental Birthday Cards
D4098D-Y,Retro Dental - Dental Birthday Cards
D197U-Y,Tooth Cake - Dental Birthday Cards
199D-Y,Tooth Flower - Dental Birthday Cards
H1313U-A,Dental Happy Holidays - Dental Holiday Cards
D2219D-A,Dental Holiday - Dental Holiday Cards
D3193U-A,Dental Stocking - Dental Holiday Cards
D2221P-BB,Holiday Treats Postcard - Dental Holiday Cards
H1316U-A,Tooth Ornaments - Dental Holiday Cards
H1301U-AA,Toothbrush Tree - Dental Holiday Cards
H6176U-AAA,Christmas Stocking Die Cut - Die Cut Christmas Cards
H6181U-AAA,Red Ornaments Die Cut - Die Cut Christmas Cards
H6180U-AAA,Casual Wreath Die Cut - Die Cut Holiday Cards
H6177U-AAA,Golden Holiday Die Cut - Die Cut Holiday Cards
H6182U-4A,Holiday Swirls Die Cut - Die Cut Holiday Cards
H6175U-AAA,Red Berry Die Cut - Die Cut Holiday Cards
H6178U-AA,Snowy Trees Die Cut - Die Cut Holiday Cards
H6179U-AAA,Traditional Wreath Die Cut - Die Cut Holiday Cards
A3045KW-X,Earth Day - Earth Day Cards
D4073D-Y,Earth Day Bliss - Earth Day Cards
A3044KW-X,Earth Day Cupcake - Earth Day Cards
A3043KW-X,Earth Day Leaves - Earth Day Cards
D5060U-Y,Modern Earth - Earth Day Cards
X51D-Y,Bunny's Eggs - Easter Cards
A3050U-X,Crucified and Risen - Easter Cards
D3051D-Y,Easter Basket - Easter Cards
A4066U-X,Easter Blessings - Easter Cards
A6046U-X,Easter Bouquet - Easter Cards
747U-X,Easter Cross - Easter Cards
D4069U-Y,Easter Egg Patterns - Easter Cards
169D-Y,Easter Eggs - Easter Cards
944U-Y,Easter Sacrifice - Easter Cards
168D-Y,Easter Tulips - Easter Cards
D4091D-V,Eggceptional Logo Card - Easter Cards
D4092D-Y,Good Egg - Easter Cards
542U-X,Rejoice Easter - Easter Cards
A2064D-Y,Resurrection - Easter Cards
A5074D-X,You Did It - Employee Achiement Cards
AO303,Anniversary Assortment - Employee Anniversary Assortment Packs
AO603,Employee Anniversary Assortment - Employee Anniversary Assortment Packs
847U-X,Anniversary - Employee Anniversary Cards
AX43D-X,Anniversary Border - Employee Anniversary Cards
AX43D-X,Anniversary Border - Employee Anniversary Cards
174U-X,Anniversary Celebration - Employee Anniversary Cards
A4062D-X,Anniversary Streamers - Employee Anniversary Cards
A3062U-Y,Bright Star Anniversary - Employee Anniversary Cards
A2045U-X,Contemporary Anniversary - Employee Anniversary Cards
D4107U-V,Custom Anniversary - Employee Anniversary Cards
A2047U-X,Employee Dedication - Employee Anniversary Cards
AX44D-X,Sparkling Anniversary - Employee Anniversary Cards
949D-X,Star Anniversary - Employee Anniversary Cards
AO408,Employee Achievement Assortment - Employee Assortment Packs
A4108U-Y,Birdy Party - Employee Birthday Cards
A634T-Z,Birthday Fiesta - Employee Birthday Cards
A4041U-X,Birthday From All - Employee Birthday Cards
A5018U-X,Birthday Wishes - Employee Birthday Cards
A5023U-Y,Bright Circles - Employee Birthday Cards
A6017U-X,Cake Wishes - Employee Birthday Cards
A6010U-X,Celebrate - Employee Birthday Cards
A6011U-X,From All - Employee Birthday Cards
A5011U-X,From All of Us - Employee Birthday Cards
A5010U-X,Have a Great Birthday - Employee Birthday Cards
A5027D-Y,Hooray - Employee Birthday Cards
AX29D-Y,Make A Wish - Employee Birthday Cards
A6004S-W,Party Time - Employee Birthday Cards
A5017U-X,Puppies - Employee Birthday Cards
A6025U-Y,Retro Balloons - Employee Birthday Cards
A6021U-X,Scrumptious Day - Employee Birthday Cards
A6007S-W,Sparkle Cakes - Employee Birthday Cards
A6003G-W,Stars and Balloons - Employee Birthday Cards
A2032P-ZZ,Birthday Bunch Postcard - Employee Birthday PostCards
A2033P-ZZ,Festive Cake Postcard - Employee Birthday PostCards
A5101P-ZZ,Stylish Typography Postcard - Employee Birthday PostCards
A5071D-X,Awesome - Employee Congratulations Cards
A5072D-X,Beat It - Employee Congratulations Cards
A6048U-X,Celebrating You - Employee Congratulations Cards
A4259T-Z,Congrats Spirals - Employee Congratulations Cards
A5050KW-X,Congrats Star - Employee Congratulations Cards
A2082D-Y,Congratulations Balloons - Employee Congratulations Cards
D3076D-V,Congratulations Stripes - Employee Congratulations Cards
961D-Y,Good For You - Employee Congratulations Cards
A4064D-X,Great Job Stars - Employee Congratulations Cards
A6049D-X,Modern Congratulations - Employee Congratulations Cards
D2099D-Y,Star Wave - Employee Congratulations Cards
D2103D-Y,YAY Blue - Employee Congratulations Cards
D2102D-Y,YAY Red - Employee Congratulations Cards
A5067U-X,You Make the Difference - Employee Congratulations Cards
D5096D-Y,Beach Retirement - Employee Retirement Cards
974D-Y,Happy Retirement - Employee Retirement Cards
D3065U-Y,Retirement Dreams - Employee Retirement Cards
A5095D-X,Retirement Wishes - Employee Retirement Cards
D2100D-Y,Bright Stars - Employee Thank You Cards
A4058D-X,Grey Stripes Thank You - Employee Thank You Cards
D2101D-Y,Light Blue Stars - Employee Thank You Cards
A6054D-Y,Teamwork Thanks - Employee Thank You Cards
AO503,Thank You Assortment - Employee Thank You Cards
A5065D-X,Thank You Script - Employee Thank You Cards
A2079D-X,Thanks for All You Do - Employee Thank You Cards
A5066D-X,Thanks for Your Contribution - Employee Thank You Cards
A5073D-X,You Rock Blue - Employee Thank You Cards
A5076D-X,You're Rad - Employee Thank You Cards
A3070D-X,Colorful Welcome - Employee Welcome Cards
178U-X,Formal Welcome - Employee Welcome Cards
A2076U-X,Stylish Welcome - Employee Welcome Cards
D2078D-Y,Team Welcome - Employee Welcome Cards
D5077U-V,Welcome Aboard Logo Card - Employee Welcome Cards
D3066U-Y,Welcome Flourish - Employee Welcome Cards
A2077D-X,Welcome Glitz - Employee Welcome Cards
D179U-Y,Welcome Party - Employee Welcome Cards
A5078D-X,Welcome Pattern - Employee Welcome Cards
D3074D-V,Welcome Stripes - Employee Welcome Cards
180D-Y,Welcome to the Team - Employee Welcome Cards
AO306,Welcome Assortment - Employee Welcome Card Assortment Packs
D4080D-Y,Floating Leaf - Fall Greeting Cards
A3054U-Y,Happy Autumn - Fall Greeting Cards
D4079U-Y,Happy Harvest - Fall Greeting Cards
D4086U-Y,57 Plymouth Father's Day - Father's Day Cards
A3060U-Y,Father's Day Beach - Father's Day Cards
A6041U-X,Father's Day Mountain - Father's Day Cards
D2057D-Y,Father's Day Ties - Father's Day Cards
160D-Y,Formal Father's Day - Father's Day Cards
161U-X,Scenic Father's Day - Father's Day Cards
162U-X,Special Moments Father's Day - Father's Day Cards
A6036L-X,Balloons Policy - Financial Birthday Cards
A5033L-X,Best Wishes Policy - Financial Birthday Cards
A3041D-Y,Birthday Cash - Financial Birthday Cards
X19U-X,Birthday Exchange - Financial Birthday Cards
A4030U-X,Birthday Money Tree - Financial Birthday Cards
A934L-Y,Birthday Policy - Financial Birthday Cards
144L-Y,Birthday Policy - Financial Birthday Cards
A5037U-Y,Birthday Shares - Financial Birthday Cards
A6030U-Y,Bull & Bear - Financial Birthday Cards
D926U-Y,Bull & Bear - Financial Birthday Cards
A4049U-Y,Bull & Bear Race - Financial Birthday Cards
A5038U-Y,Bull & Bear Splash - Financial Birthday Cards
A5034U-X,Bull & Bear Wishes - Financial Birthday Cards
A2075L-Y,Cake Policy - Financial Birthday Cards
A2041U-Y,Closing Bell - Financial Birthday Cards
A4006G-W,Colorful Wall Street - Financial Birthday Cards
A4053L-Y,Cupcake Policy - Financial Birthday Cards
A3029L-X,Foil Policy - Financial Birthday Cards
A6028U-X,Golden Eggs - Financial Birthday Cards
A2038U-X,Growing Cash - Financial Birthday Cards
A2039U-X,Money Collage - Financial Birthday Cards
A4023U-X,Money Market - Financial Birthday Cards
129U-X,Nest Egg - Financial Birthday Cards
836L-Y,Policy - Financial Birthday Cards
D5036U-V,Stock Market Logo Card - Financial Birthday Cards
D137U-Y,Stock Market Prize - Financial Birthday Cards
A2044D-Y,Stock Ticker - Financial Birthday Cards
D833U-Y,Wall Street - Financial Birthday Cards
916U-X,Wall Street Balloons - Financial Birthday Cards
A5035U-X,Wall Street Cupcake - Financial Birthday Cards
A6029U-X,Wall Street Sunset - Financial Birthday Cards
A2042U-Y,Wall Street Workout - Financial Birthday Cards
H5194U-AA,Financial Packages - Financial Holiday Cards
H1299U-AA,Financial Wreath - Financial Holiday Cards
H3175U-AA,Holiday Money Tree - Financial Holiday Cards
8561L-A,Holiday Policy - Financial Holiday Cards
9572L-A,Holiday Policy - Financial Holiday Cards
H4220U-AA,Money Baubles - Financial Holiday Cards
H2204L-A,North Pole Policy - Financial Holiday Cards
H6159U-AA,Season's Savings - Financial Holiday Cards
H3169U-AA,Seasonal Success - Financial Holiday Cards
H5181S-AAA,Stock Exchange Greetings - Financial Holiday Cards
H2193U-AA,Wall Street Columns - Financial Holiday Cards
H4219U-AA,Wall Street Lights - Financial Holiday Cards
H2187U-AA,Wall Street Sparkle - Financial Holiday Cards
HX561U-AA,Wall Street Wreath - Financial Holiday Cards
A4011G-W,Birthday Tulips - Floral Birthday Cards
A2030T-Z,Brown-Eyed Susans - Floral Birthday Cards
A6018U-X,Butterfly Birthday - Floral Birthday Cards
A4018U-X,Classic Floral - Floral Birthday Cards
A2019U-X,Clematis Blossoms - Floral Birthday Cards
A6016U-X,Dahlia - Floral Birthday Cards
150T-Z,Field of Dreams - Floral Birthday Cards
A5007G-W,Floral Elegance - Floral Birthday Cards
A6006S-W,Floral Fence - Floral Birthday Cards
A2017U-X,Floral Welcome - Floral Birthday Cards
A5009G-W,Geraniums - Floral Birthday Cards
A4045U-Y,Hummingbird - Floral Birthday Cards
A2015U-X,Monarch Dance - Floral Birthday Cards
A6005G-W,Pastel Poppies - Floral Birthday Cards
A5019U-X,Plumeria - Floral Birthday Cards
135U-Y,Spring Floral - Floral Birthday Cards
D4100D-Y,Bright Get Well - Get Well Cards
A3063D-X,Cheerful Get Well - Get Well Cards
854U-Y,Get Well - Get Well Cards
182D-X,Get Well - Get Well Cards
AO202,Get Well Assortment - Get Well Cards
A3064D-Y,Get Well Bandages - Get Well Cards
D181D-Y,Get Well Dots - Get Well Cards
D4101D-Y,Get Well Floral - Get Well Cards
D5054D-Y,Get Well Paper Plane - Get Well Cards
A4260T-Z,Get Well Spirals - Get Well Cards
956D-Y,The Thinker - Get Well Cards
119U-X,Coastal Golf - Golf Birthday Cards
A4025U-X,Golf Ball - Golf Birthday Cards
A6014U-X,Pebble Beach - Golf Birthday Cards
A5020U-X,Tee Time - Golf Birthday Cards
171D-Y,Black Cat - Halloween Cards
D4094D-Y,Dying to Say Thanks - Halloween Cards
D170D-Y,Glowing Jack-O-Lantern - Halloween Cards
D867U-Y,Halloween - Halloween Cards
A2062D-Y,Halloween Night - Halloween Cards
A3058U-Y,Halloween Pumpkin - Halloween Cards
D4071U-Y,Halloween Stripes - Halloween Cards
759D-Y,Jack O' Lanterns - Halloween Cards
X52D-Y,Spider Web - Halloween Cards
965D-Y,Trick or Treat - Halloween Cards
D4095U-Y,We Want Your Business - Halloween Cards
H4241P-BB,Candy Cane Postcard - Holiday PostCards
H2206P-BB,Christmas Bells Postcard - Holiday PostCards
9575P-BB,Golden Bow Postcard - Holiday PostCards
X587P-BB,Holiday Cheer Postcard - Holiday PostCards
D1323P-BB,Holly Postcard - Holiday PostCards
X588P-BB,Seasonal Plaid Postcard - Holiday PostCards
9574P-BB,Snowy Fence Postcard - Holiday PostCards
D5208P-BB,Three Trees Postcard - Holiday PostCards
H3189P-BB,Whimsical Tree Postcard - Holiday PostCards
H1318D-A,Winter Magic Thank You - Holiday Thank You Cards
A3017U-X,Modern Home - Home Theme Birthday Cards
A4033U-X,Red Door - Home Theme Birthday Cards
A4026U-X,Weekend Retreat - Home Theme Birthday Cards
A5028U-X,Welcome Friends - Home Theme Birthday Cards
A6020U-X,Yellow Door - Home Theme Birthday Cards
H2191U-AA,Christmas Home - Home Theme Holiday Cards
H1315U-A,Elegant Door - Home Theme Holiday Cards
9550U-AA,Holiday Home - Home Theme Holiday Cards
H2174G-AAA,Holiday Lights - Home Theme Holiday Cards
H4210G-AAA,Holiday Mantel - Home Theme Holiday Cards
H1289U-AA,Holiday Tradition - Home Theme Holiday Cards
H3149G-AAA,Home for the Holidays - Home Theme Holiday Cards
8549U-AA,Peaceful Home - Home Theme Holiday Cards
H5198U-AA,Snowy Home - Home Theme Holiday Cards
H5179G-AAA,Winter Cabin - Home Theme Holiday Cards
H1281G-AAA,Winter Day - Home Theme Holiday Cards
A934L-Y,Birthday Policy - Insurance Birthday Cards
H4240L-AA,Cheer Policy - Insurance Holiday Cards
H1321L-A,Holly Policy - Insurance Holiday Cards
H6160L-A,Merry & Bright Policy - Insurance Holiday Cards
H3179L-AA,Snowflake Policy - Insurance Holiday Cards
H5207L-A,Snowy Policy - Insurance Holiday Cards
X584L-A,Winter Policy - Insurance Holiday Cards
H3174U-AA,Delivering Peace - International Holiday Cards
H6164U-AA,Global Holiday - International Holiday Cards
H4228U-AA,International Christmas - International Holiday Cards
H2209KW-AA,Joy - International Holiday Cards
H2176G-AAA,Peace - International Holiday Cards
X586T-B,Peace - International Holiday Cards
H1287U-AA,Peace for All Nations - International Holiday Cards
H2195U-AA,United World - International Holiday Cards
H3172U-AA,World Holidays - International Holiday Cards
X555G-AAA,World of Peace - International Holiday Cards
9153C-AA,Hanukkah - Jewish Holiday Cards
D2220D-A,Hanukkah Dreidels - Jewish Holiday Cards
9569D-A,Hanukkah Greetings - Jewish Holiday Cards
D5210U-A,Hanukkah Star - Jewish Holiday Cards
9561U-AA,Happy Hanukkah - Jewish Holiday Cards
D2222U-A,Happy Hanukkah - Jewish Holiday Cards
842U-X,Jewish New Year - Jewish Holiday Cards
D1333U-A,Menorah - Jewish Holiday Cards
446C-Y,Rosh Hashanah - Jewish Holiday Cards
D1334D-A,Star of David - Jewish Holiday Cards
D4247D-A,Star of David Hanukkah - Jewish Holiday Cards
D4074D-Y,Sweetest New Year - Jewish Holiday Cards
D2087U-4W,Balloon Flight Logo Card - Logo Birthday Cards
D2090U-V,Balloons Name Card - Logo Birthday Cards
D2092U-V,Birthday Stars Name Card - Logo Birthday Cards
D3084U-V,Birthday Zen Logo Card - Logo Birthday Cards
D3086U-V,Blue Skies Logo Card - Logo Birthday Cards
D4115U-V,Colorful Dots Logo Card - Logo Birthday Cards
D2088U-4W,Confetti Cake Logo Card - Logo Birthday Cards
D2096U-V,Cupcake Logo Card - Logo Birthday Cards
D2089U-V,Festive Party Name Card - Logo Birthday Cards
D3087U-V,Green Leaves Logo Card - Logo Birthday Cards
D2094U-V,Happy Birthday Logo Card - Logo Birthday Cards
D3088U-V,House Logo Card - Logo Birthday Cards
D4109U-V,Marquee Logo Card - Logo Birthday Cards
D3085U-V,Mountain Lake Logo Card - Logo Birthday Cards
D2091U-V,Nature's Graphics Logo Card - Logo Birthday Cards
D2093U-V,Rustic Birthday Logo Card - Logo Birthday Cards
D4110U-V,Travel Logo Card - Logo Birthday Cards
D2212U-4B,Blue Ornaments Logo Card - Logo Holiday Cards
D4251U-4B,Christmas Icons Logo Card - Logo Holiday Cards
D1347U-4B,Country Road Logo Card - Logo Holiday Cards
D1344U-4A,Covered Branches Logo Card - Logo Holiday Cards
D1359U-4B,Delicate Flakes Logo/Name Card - Logo Holiday Cards
D1354U-4B,Fallen Snow Logo Card - Logo Holiday Cards
D1346U-4B,Frosted Branch Logo Card - Logo Holiday Cards
D1356U-4B,Glistening Branch Logo Card - Logo Holiday Cards
D2211U-4A,Greetings of the Season Logo/Name Card - Logo Holiday Cards
D1348U-4B,Holiday Flurries Logo Card - Logo Holiday Cards
D1353U-4B,Holiday Garland Logo/Name Card - Logo Holiday Cards
D1355U-4B,Holiday Ornament Logo Card - Logo Holiday Cards
D3198U-4B,Holiday Present Logo Card - Logo Holiday Cards
DX02U-4B,Holiday Stars Custom Logo Card - Logo Holiday Cards
D1358U-4B,Holiday Tree Name Card - Logo Holiday Cards
D4248U-4A,Holiday Wreath Logo Card - Logo Holiday Cards
D5213U-4B,Knit Pattern Logo Card - Logo Holiday Cards
D3199U-4B,Luminous Candles Logo Card - Logo Holiday Cards
DX01U-4B,Ornament Logo Card - Logo Holiday Cards
D1357U-4B,Penguin Logo Card - Logo Holiday Cards
D4256U-4B,Red Bow Logo Card - Logo Holiday Cards
D1349U-4B,Season's Holly Logo/Name Card - Logo Holiday Cards
D3200U-4A,Silver Tinsel Logo Card - Logo Holiday Cards
D3204U-4B,Sledding Logo Card - Logo Holiday Cards
DX00U-4B,Snow Scene Logo Card - Logo Holiday Cards
D4250U-4B,Snow Swirls Logo Card - Logo Holiday Cards
DX03U-4B,Snowflake Custom Card - Logo Holiday Cards
DX99U-4B,Snowflake Logo Card - Logo Holiday Cards
D1360U-4B,Snowflake Pattern Name Card - Logo Holiday Cards
D1352U-4B,Snowman Logo Card - Logo Holiday Cards
D3203U-4B,Snowy Ornaments Logo Card - Logo Holiday Cards
D1345U-4A,Sparkling Ornaments Logo/Name Card - Logo Holiday Cards
D5212U-4B,Starry Night Logo Card - Logo Holiday Cards
D1351U-4B,Watercolor Pine Logo Card - Logo Holiday Cards
D4249U-4A,Whimsical Christmas Logo Card - Logo Holiday Cards
D1350U-4B,Winter Bridge Logo Card - Logo Holiday Cards
D1343U-4A,Winter Pond Name Card - Logo Holiday Cards
D4252U-4B,Winter White Logo Card - Logo Holiday Cards
DX42U-4B,Autumn Reflections Logo Card - Logo Thanksgiving Cards
D2120U-4B,Bounty Logo Card - Logo Thanksgiving Cards
D1255U-4B,Business Thanks Logo Card - Logo Thanksgiving Cards
D1250U-4B,Colorful Tree Logo Card - Logo Thanksgiving Cards
D1256U-4B,Colors of Fall Logo Card - Logo Thanksgiving Cards
DX40U-4B,Fall Colors Logo Card - Logo Thanksgiving Cards
D5123U-4B,Falling Leaf Border Logo Card - Logo Thanksgiving Cards
DX43U-4B,Golden Path Logo Card - Logo Thanksgiving Cards
D1253U-4B,Leaf Border Logo Card - Logo Thanksgiving Cards
D2121U-4B,Leaves Logo Card - Logo Thanksgiving Cards
D1257U-4B,Maple Logo Card - Logo Thanksgiving Cards
D3114U-4B,Orange Border Logo Card - Logo Thanksgiving Cards
D1258U-4B,Peaceful Changes Logo Card - Logo Thanksgiving Cards
D5124U-4B,Potted Plant Logo Card - Logo Thanksgiving Cards
D4144U-4B,Rustic Candle Logo Card - Logo Thanksgiving Cards
DX41U-4B,Rustic Fence Logo Card - Logo Thanksgiving Cards
D1254U-4B,Thanksgiving Scene Logo Card - Logo Thanksgiving Cards
D4145U-4B,Thanksgiving Wreath Logo Card - Logo Thanksgiving Cards
D1251U-4B,Tree Line Amber Logo Card - Logo Thanksgiving Cards
D1252U-4B,Tree Line White Logo Card - Logo Thanksgiving Cards
D4146D-4B,Watercolor Branch Logo Card - Logo Thanksgiving Cards
D5088D-Y,Happy Mardi Gras - Mardi Gras Cards
D5087D-Y,Mardi Gras Mask - Mardi Gras Cards
A5086U-X,Party Gras - Mardi Gras Cards
D2069U-Y,Birthday Bandage - Medical Birthday Cards
D195U-Y,Birthday Prescription - Medical Birthday Cards
D4099U-Y,Birthday Script - Medical Birthday Cards
D3089U-V,Blue Medical Logo Card - Medical Birthday Cards
D3082U-V,Green Medical Logo Card - Medical Birthday Cards
D2070U-Y,Medical Balloons - Medical Birthday Cards
D194U-Y,Medical Birthday - Medical Birthday Cards
D3090U-V,Pink Medical Logo Card - Medical Birthday Cards
A4029U-X,Vital Birthday - Medical Birthday Cards
D3192U-A,Gift of Health - Medical Holiday Cards
D2216U-A,Holiday Bandage - Medical Holiday Cards
D2217U-A,Holiday Rx - Medical Holiday Cards
H1320D-A,Holiday Stethoscopes - Medical Holiday Cards
D2215U-A,Medical Happy Holidays - Medical Holiday Cards
D2218D-A,Medical Joy - Medical Holiday Cards
H1296U-AA,Season's Medical - Medical Holiday Cards
H1317U-A,Vital Seasons - Medical Holiday Cards
D5079U-Y,American Pie - Memorial Day Cards
D5081D-Y,Flag Banner - Memorial Day Cards
D5080U-Y,Great Memorial Day - Memorial Day Cards
D4077D-Y,Memorial Day - Memorial Day Cards
D5082D-Y,Memorial Day Picnic - Memorial Day Cards
D4085U-Y,Bright Floral Mother's Day - Mother's Day Cards
156U-X,Feels Like Home Mother's Day - Mother's Day Cards
159D-Y,Mother's Day Daisy - Mother's Day Cards
A158U-X,Mother's Day Floral - Mother's Day Cards
A2056U-X,Mother's Day Garden - Mother's Day Cards
A3059U-X,Mother's Day Peony - Mother's Day Cards
A6042U-X,Mother's Day Tulips - Mother's Day Cards
D4084U-Y,Patterned Mother's Day - Mother's Day Cards
756D-Y,Baby Congratulations - New Baby Congratulations Cards
D172D-Y,Baby Feet - New Baby Congratulations Cards
A2074D-Y,Baby Rattle - New Baby Congratulations Cards
DX55D-Y,Baby Stroller - New Baby Congratulations Cards
A2073D-Y,Baby Welcome - New Baby Congratulations Cards
D2072D-Y,Bundle of Joy - New Baby Congratulations Cards
173D-Y,Stork's Surprise - New Baby Congratulations Cards
D3073D-Y,Tiny Feet - New Baby Congratulations Cards
968D-Y,Welcome Little One - New Baby Congratulations Cards
D5059U-Y,Welcome New Baby - New Baby Congratulations Cards
H5175G-AAA,Celebration New Year - New Year's Cards
H3177D-AA,New Year Blocks - New Year's Cards
H2197D-AA,New Year Reflections - New Year's Cards
H2190U-AA,New Year Surprise - New Year's Cards
9557U-AA,Sparkling New Year - New Year's Cards
X572U-AA,Starry New Year - New Year's Cards
A6022U-Y,American Birthday - Patriotic Birthday Cards
A5043U-X,Graphic Stars - Patriotic Birthday Cards
111U-X,Patriotic Birthday - Patriotic Birthday Cards
127U-X,Patriotic Home - Patriotic Birthday Cards
A4021U-X,Patriotic Pattern - Patriotic Birthday Cards
A5029U-X,Patriotic Porch - Patriotic Birthday Cards
A2040U-X,Patriotic Wall Street - Patriotic Birthday Cards
A6009S-W,Red White and Blue - Patriotic Birthday Cards
A708U-X,Shining Stars - Patriotic Birthday Cards
A108S-W,Soaring Eagle - Patriotic Birthday Cards
A5041U-X,Star Burst - Patriotic Birthday Cards
A5042U-X,Stars and Stripes - Patriotic Birthday Cards
H6130S-AAA,American Holiday - Patriotic Holiday Cards
9533S-4A,Exquisite Star - Patriotic Holiday Cards
H2202U-A,Holiday Star Garland - Patriotic Holiday Cards
8542U-AA,Holiday Stars - Patriotic Holiday Cards
8533S-AAA,Patriotic Glitter - Patriotic Holiday Cards
9540G-AAA,Patriotic Greetings - Patriotic Holiday Cards
X549S-AAA,Patriotic Ornament - Patriotic Holiday Cards
H2180U-AA,Patriotic Package - Patriotic Holiday Cards
H3178D-AA,Patriotic Peppermint - Patriotic Holiday Cards
H4209S-AAA,Patriotic Snowflake - Patriotic Holiday Cards
H4218U-AA,Patriotic Wishes - Patriotic Holiday Cards
H2186U-AA,Patriotic Wreath - Patriotic Holiday Cards
H1280S-AAA,Star Light - Patriotic Holiday Cards
H3151S-AAA,Star Wreath - Patriotic Holiday Cards
H5195U-AA,Stars and Stripes Holiday - Patriotic Holiday Cards
D4195U-V,Birthday Banner Photo Card - Photo Birthday Cards
D4194U-V,Bright Balloons Photo Card - Photo Birthday Cards
D4188U-V,Butterfly Garden Photo Card - Photo Birthday Cards
D4191U-V,Confetti Party Photo Card - Photo Birthday Cards
D4187U-V,Diamond Photo Card - Photo Birthday Cards
D4186U-V,Diamond Photo/Logo Card - Photo Birthday Cards
D4193U-V,Party Balloons Photo Card - Photo Birthday Cards
D4197U-V,Party Balloons Photo/Logo Card - Photo Birthday Cards
D4192U-V,Pop Art Photo Card - Photo Birthday Cards
D4198U-V,Pop Art Photo/Logo Card - Photo Birthday Cards
D4189U-V,Red Dots Photo Card - Photo Birthday Cards
D4196U-V,Red Dots Photo/Logo Card - Photo Birthday Cards
D4190U-V,Squares Photo Card - Photo Birthday Cards
D3197U-4B,Blue Border Photo Card - Photo Holiday Cards
D1341U-4B,Blue Flakes Photo Card - Photo Holiday Cards
D1339U-4B,Bright Lights Photo Card - Photo Holiday Cards
D1336U-4B,Cheerful Snowflakes Photo Card - Photo Holiday Cards
D1340U-4B,Christmas Flakes Photo Card - Photo Holiday Cards
D1337U-4B,Classic Seasons Photo Card - Photo Holiday Cards
D3195U-4B,Holiday Dots Horizontal Photo Card - Photo Holiday Cards
D3196U-4B,Holiday Dots Vertical Photo Card - Photo Holiday Cards
DX95U-4B,Holiday Stripes Photo Card - Photo Holiday Cards
DX98U-4B,Merry Christmas Photo Card - Photo Holiday Cards
D3202U-4B,Red Border Photo Card - Photo Holiday Cards
D4255U-4B,Red Stripes Photo/Logo Card - Photo Holiday Cards
D4254U-4B,Retro Holidays Photo Card - Photo Holiday Cards
DX94U-4B,Season's Greetings Photo Card - Photo Holiday Cards
D1342U-4B,Season's Swirls Photo Card - Photo Holiday Cards
DX96U-4B,Stripes and Holly Photo Card - Photo Holiday Cards
D3201U-4B,Stripes and Snowflakes Photo Card - Photo Holiday Cards
D1335U-4B,Taupe Snowflakes Photo Card - Photo Holiday Cards
DX97U-4B,Traditional Holiday Photo Card - Photo Holiday Cards
D1338U-4B,Vibrant Red Photo Card - Photo Holiday Cards
DX38U-4B,Autumn Foliage Photo Card - Horizontal - Photo Thanksgiving Cards
DX39U-4B,Autumn Foliage Photo Card - Vertical - Photo Thanksgiving Cards
D2124U-4B,Autumn Splendor Photo Card - Photo Thanksgiving Cards
DX35U-4B,Bronzed Elegance Photo Card - Photo Thanksgiving Cards
D3116U-4B,Brown Pattern Photo Card - Photo Thanksgiving Cards
DX37U-4B,Classic Amber Photo Card - Photo Thanksgiving Cards
D1260U-4B,Classic Leaf Photo Card - Photo Thanksgiving Cards
D3115U-4B,Classic Pattern Photo Card - Photo Thanksgiving Cards
D1264U-4B,Dancing Leaves Brown Photo Card - Photo Thanksgiving Cards
D1266U-4B,Dancing Leaves Green Photo Card - Photo Thanksgiving Cards
D1265U-4B,Dancing Leaves Vertical Photo Card - Photo Thanksgiving Cards
D1259U-4B,Golden Oak Photo Card - Photo Thanksgiving Cards
D1262U-4B,Leaf Border Photo Card - Photo Thanksgiving Cards
D2122U-4B,Leaf Frame Photo Card - Photo Thanksgiving Cards
D1268U-4B,Leaf Pattern Photo Card - Photo Thanksgiving Cards
DX36U-4B,Mossy Traditions Photo Card - Photo Thanksgiving Cards
D1263U-4B,Rustic Border Photo Card - Photo Thanksgiving Cards
D1267U-4B,Rustic Pattern Photo Card - Photo Thanksgiving Cards
D3113U-4B,Thanksgiving Greetings Photo Card - Photo Thanksgiving Cards
D1261U-4B,Traditional Border Photo Card - Photo Thanksgiving Cards
D2123U-4B,Vibrant Hues Photo Card - Photo Thanksgiving Cards
D863D-Y,House - Real Estate Congratulations Cards
193KW-X,Green Anniversary - Recycled Anniversary Cards
A6038KW-X,Birthday Impressions - Recycled Birthday Cards
A3048KW-X,Dancing Flowers - Recycled Birthday Cards
A2037KW-X,Floral Branch - Recycled Birthday Cards
A5048KW-X,Natural Chevron - Recycled Birthday Cards
A5047KW-X,Organic Leaves - Recycled Birthday Cards
A4057KW-X,Rising Happiness - Recycled Birthday Cards
A2034KW-X,Special Moments - Recycled Birthday Cards
A6037KW-X,Sustainable Flowers - Recycled Birthday Cards
A3049KW-X,Three Balloons - Recycled Birthday Cards
H4244KW-AA,Hope Peace Joy - Recycled Christmas Cards
188KW-X,Organic Get Well - Recycled Get Well Cards
H1325KW-AA,Birch Perch - Recycled Holiday Cards
X590KW-AA,Frosted Trees - Recycled Holiday Cards
H2208KW-AA,Green Forest - Recycled Holiday Cards
H1326KW-AA,Green Frog - Recycled Holiday Cards
H1327KW-AA,Green Holiday Thank You - Recycled Holiday Cards
X589KW-AA,Green Ornaments - Recycled Holiday Cards
H1304D-AA,Holiday Thank You - Recycled Holiday Cards
9576KW-AA,Holly - Recycled Holiday Cards
H2210KW-AA,Nature's Christmas - Recycled Holiday Cards
H6149KW-AA,Nature's Gift - Recycled Holiday Cards
H6148KW-AA,Peaceful Prairie - Recycled Holiday Cards
H5201KW-AA,Rustic Christmas - Recycled Holiday Cards
H3187KW-AA,Simple Snowflake - Recycled Holiday Cards
H4243KW-AA,Sustainable Christmas - Recycled Holiday Cards
H5202KW-AA,Sustainable Holidays - Recycled Holiday Cards
A3046KW-X,Bamboo Thank You - Recycled Thank You Cards
189KW-X,Green Leaf Thank You - Recycled Thank You Cards
986KW-X,Retro Thank You - Recycled Thank You Cards
A6039KW-X,Sky Thank You - Recycled Thank You Cards
987KW-X,Thank You Squares - Recycled Thank You Cards
190KW-X,Vine Thank You - Recycled Thank You Cards
H3107KW-AA,Bright Leaves - Recycled Thanksgiving Cards
H5118KW-AA,Contemporary Leaves - Recycled Thanksgiving Cards
X531KW-AA,Falling Leaves - Recycled Thanksgiving Cards
H3108KW-AA,Give Thanks - Recycled Thanksgiving Cards
H1241KW-AA,Happy Thanksgiving - Recycled Thanksgiving Cards
H5117KW-AA,Pumpkin Tree - Recycled Thanksgiving Cards
H4141KW-AA,Sunlit Timber - Recycled Thanksgiving Cards
H2116KW-AA,Swirling Leaves - Recycled Thanksgiving Cards
H4140KW-AA,Thank You Branch - Recycled Thanksgiving Cards
9529KW-AA,Thanksgiving Nature - Recycled Thanksgiving Cards
H5116U-A,Watercolor Fence Line - Recycled Thanksgiving Cards
762P-ZZ,Referral Reply Postcard - Referral Thank You Cards
X58P-ZZ,Referral Request Postcard - Referral Thank You Cards
X57P-ZZ,Referral Thank You Postcard - Referral Thank You Cards
A5030U-X,Birthday Mercies - Religious Birthday Cards
A4047U-Y,Birthday Path - Religious Birthday Cards
A2005G-W,Birthday Praise - Religious Birthday Cards
A2018U-X,Birthday Proverbs - Religious Birthday Cards
A5031U-Y,Birthday Proverbs - Religious Birthday Cards
A5032U-Y,Floral Psalm - Religious Birthday Cards
A4024U-X,Rejoice Birthday - Religious Birthday Cards
AO405,Religious Assortment - Religious Birthday Cards
A6032U-Y,Scenic Psalm - Religious Birthday Cards
A6031U-Y,Watercolor Blessing - Religious Birthday Cards
9559U-AA,Baby Jesus - Religious Christmas Cards
H1300U-AA,Behold the Lamb - Religious Christmas Cards
H5173G-AAA,Christ the King - Religious Christmas Cards
H4231U-AA,In a Manger - Religious Christmas Cards
H6156U-AA,Light of the World - Religious Christmas Cards
H5189U-AA,Mary's Song - Religious Christmas Cards
H6157U-AA,Messiah - Religious Christmas Cards
X557G-AAA,Rejoice Emmanuel - Religious Christmas Cards
982KW-X,Blue Sky - Scenic Birthday Cards
A4034U-X,Elk River - Scenic Birthday Cards
A6012U-X,Exotic Waterfall - Scenic Birthday Cards
A935T-Z,Floral Field - Scenic Birthday Cards
A4046U-Y,Lake Reflection - Scenic Birthday Cards
A4001G-W,Mountain Majesty - Scenic Birthday Cards
A6008G-W,Mountain Reflection - Scenic Birthday Cards
A5000S-W,Mountain Stream - Scenic Birthday Cards
A6015U-X,Poolside - Scenic Birthday Cards
A4019U-X,Porch View - Scenic Birthday Cards
A4002G-W,Red Rock Coast - Scenic Birthday Cards
A6023U-Y,School of Fish - Scenic Birthday Cards
113U-X,Stroll in the Park - Scenic Birthday Cards
A4052T-Z,Summer Fields - Scenic Birthday Cards
A5014U-X,Sunlit Path - Scenic Birthday Cards
AX16U-X,Warmest Wishes - Scenic Birthday Cards
A5008G-W,Wyoming Wildflowers - Scenic Birthday Cards
837P-ZZ,Hot Air Balloon Postcard - Scenic Birthday PostCards
H5197U-AA,Capitol Reef Greetings - Scenic Holiday Cards
H5205U-A,City Greetings - Scenic Holiday Cards
H6186G-AAA,Embossed Forest Path - Scenic Holiday Cards
H2177G-AAA,Frosted Evergreens - Scenic Holiday Cards
H6126S-AAA,Frosted Greens - Scenic Holiday Cards
H1291U-AA,Golden Gate Greetings - Scenic Holiday Cards
H5183G-AAA,Golden Ornaments - Scenic Holiday Cards
H1324KW-AA,Holiday Icicles - Scenic Holiday Cards
X585T-B,Holly Berries - Scenic Holiday Cards
H6125G-AAA,Majestic Winter - Scenic Holiday Cards
H5184S-AAA,Misty Trees - Scenic Holiday Cards
H4201S-AAA,Mountain View Greetings - Scenic Holiday Cards
H5170G-AAA,Nostalgic Snow Day - Scenic Holiday Cards
H6137U-AA,Painted Village - Scenic Holiday Cards
H4232U-A,Peaceful Path - Scenic Holiday Cards
H2196D-AA,Snow Covered Slope - Scenic Holiday Cards
H4214U-AA,Snow Home - Scenic Holiday Cards
H5192U-AA,Snow Trees Path - Scenic Holiday Cards
H6142U-A,Snowscape - Scenic Holiday Cards
H3159U-AA,Snowy Bend - Scenic Holiday Cards
H5187U-AA,Snowy Hideaway - Scenic Holiday Cards
H3165U-AA,Snowy Hills - Scenic Holiday Cards
H6139U-AA,Snowy Thank You - Scenic Holiday Cards
H5206U-A,Snowy Timbers - Scenic Holiday Cards
X559U-AA,Sparkle Stream - Scenic Holiday Cards
H2171S-AAA,Sunset Barn - Scenic Holiday Cards
H5199U-AA,Sunset Wishes - Scenic Holiday Cards
H6144U-A,Winter Berry Thanks - Scenic Holiday Cards
H5203U-A,Winter Chickadee - Scenic Holiday Cards
9543G-AAA,Winter City - Scenic Holiday Cards
H1293U-AA,Winter Farm - Scenic Holiday Cards
9573T-B,Winter Greetings - Scenic Holiday Cards
H4215U-AA,Winter Village - Scenic Holiday Cards
H6127S-AAA,Winter Wonderland - Scenic Holiday Cards
H5191U-AA,Winter Wreath - Scenic Holiday Cards
H6134U-AA,Wreath Wishes - Scenic Holiday Cards
126U-X,Feliz Cumpleanos - Spanish Birthday Cards
A5039U-X,Feliz Cumpleanos - Spanish Birthday Cards
A2049U-X,Feliz Cumpleanos - Spanish Birthday Cards
A4039U-X,Feliz Cumpleanos - Spanish Birthday Cards
A3035U-Y,Feliz Cumpleanos - Spanish Birthday Cards
D732D-Y,Feliz Cumpleanos - Spanish Birthday Cards
X39U-Y,Feliz Cumpleanos - Spanish Birthday Cards
143U-Y,Feliz Cumpleanos Balloons - Spanish Birthday Cards
X41D-Y,Festive Pinata - Spanish Birthday Cards
H6166U-AA,Arbol de Navidad - Spanish Holiday Cards
8550U-AA,Feliz Navidad - Spanish Holiday Cards
D6169U-A,Feliz Navidad - Spanish Holiday Cards
H6165U-AA,Ornamento - Spanish Holiday Cards
D4068U-Y,Floral Meadows - Spring Greeting Cards
964D-Y,Happy Spring - Spring Greeting Cards
D2068U-Y,Spring Butterfly - Spring Greeting Cards
D2068U-Y,Spring Butterfly - Spring Greeting Cards
D3053U-Y,Spring Morning - Spring Greeting Cards
D4072D-Y,Celtic Patterns - St. Patrick's Day Cards
A3056D-Y,Clover - St. Patrick's Day Cards
165D-Y,Clover Border - St. Patrick's Day Cards
758D-Y,Happy St. Patrick's Day - St. Patrick's Day Cards
A2061D-Y,Irish Blessing - St. Patrick's Day Cards
D6047D-Y,Luck of the Irish - St. Patrick's Day Cards
D649D-Y,St. Patrick's Day - St. Patrick's Day Cards
D862D-Y,St. Patrick's Day - St. Patrick's Day Cards
DX50D-Y,St. Patrick's Wishes - St. Patrick's Day Cards
D4090D-Y,We're Lucky to Have You - St. Patrick's Day Cards
D4081D-Y,Flip Flops - Summer Greeting Cards
957D-Y,Happy Summer - Summer Greeting Cards
D4083D-Y,Refreshing Summer - Summer Greeting Cards
A2067U-Y,Summer Beach - Summer Greeting Cards
D4082D-Y,Summer Fun - Summer Greeting Cards
991KW-X,Blue Water Sympathy - Recycled Sympathy Cards
A4063U-X,Elegant Sympathy - Business Sympathy Cards
A6035S-W,Floral Sympathy - Business Sympathy Cards
A5051U-X,Leaf Pattern Sympathy - Business Sympathy Cards
A6040KW-X,Organic Sympathy - Recycled Sympathy Cards
A5052U-X,Peaceful Path - Business Sympathy Cards
A5053U-X,Praying for You - Business Sympathy Cards
A2066U-X,Sentimental Sympathy - Business Sympathy Cards
A440G-W,Sympathy - Business Sympathy Cards
AO308,Sympathy Assortment - Sympathy Card Assortment Packs
AO505,Sympathy Assortment - Sympathy Card Assortment Packs
A4102U-Y,Sympathy Bench - Business Sympathy Cards
938U-X,Sympathy Scene - Sympathy Cards
A742U-X,Sympathy Tree - Business Sympathy Cards
AO304,Thank You Assortment - Thank You Card Assortment Packs
D761T-Z,Appointment Thank You/Reminder - Thank You PostCards
187P-ZZ,Squares Thank You Postcard - Thank You PostCards
186P-ZZ,Swirl Thank You Postcard - Thank You PostCards
D4143L-B,Autumn Still Life Letterhead - Thanksgiving Letterhead
D5119L-B,Farm Letterhead - Thanksgiving Letterhead
3122M-B,Letterhead Blank - Thanksgiving Letterhead
D2117L-B,Maple Woods Letterhead - Thanksgiving Letterhead
D3110L-B,Pumpkin Letterhead - Thanksgiving Letterhead
M117M-B,Thanksgiving Letterhead - Thanksgiving Letterhead
D1236L-B,Thanksgiving Letterhead - Thanksgiving Letterhead
H1235P-BB,Fallen Leaves Postcard - Thanksgiving PostCards
D5120P-BB,Graphic Thanksgiving Postcard - Thanksgiving PostCards
H2115P-BB,Season's Colors Postcard - Thanksgiving PostCards
H1234P-BB,Seasonal Icons Postcard - Thanksgiving PostCards
A2058D-X,Apple a Day - Thinking of You Cards
D2059D-Y,Cheerful Thoughts - Thinking of You Cards
D4112D-Y,Thinking of You Birds - Thinking of You Cards
A2060D-Y,Thinking of You Daisies - Thinking of You Cards
958D-Y,Thinking of You Dolphin - Thinking of You Cards
D4111D-Y,Thinking of You Fields - Thinking of You Cards
D4113D-Y,Thinking of You Floral - Thinking of You Cards
D3068D-Y,Thinking of You Garden - Thinking of You Cards
A955D-Y,Thinking of You Leaves - Thinking of You Cards
A5049KW-X,We Miss You Daisies - Thinking of You Cards
D5055D-Y,We Miss You Paper Plane - Thinking of You Cards
D5094D-Y,Daisy Dials - Time Change Cards
D5091D-Y,Fall Back Arrow - Time Change Cards
D5089D-Y,Fall Back Red Leaf - Time Change Cards
D5090D-Y,Fall Back Trees - Time Change Cards
D5093D-Y,Spring Ahead - Time Change Cards
D5092D-Y,Spring Forward Flowers - Time Change Cards
A3018U-X,Beach Birthday - Travel Birthday Cards
A4048U-Y,Beach Picnic - Travel Birthday Cards
A6013U-X,Birthday Escape - Travel Birthday Cards
AX30D-Y,Birthday Joy - Travel Birthday Cards
A6019U-X,Birthday Sailing - Travel Birthday Cards
A4037U-X,Birthday Sign - Travel Birthday Cards
A3016U-X,Catch a Wave - Travel Birthday Cards
A5016U-X,Sailboat - Travel Birthday Cards
A5015U-X,Sea Life - Travel Birthday Cards
A4016U-X,Sunset Sail - Travel Birthday Cards
A4054P-ZZ,Tropical Waters Postcard - Travel Birthday PostCards
H4230U-AA,Beach Stocking - Travel Holiday Cards
9556U-AA,Holiday License Plate - Travel Holiday Cards
H2188U-AA,Island Holiday - Travel Holiday Cards
H3184U-A,Santa's Ride - Travel Holiday Cards
D8564D-A,Scuba Santa - Travel Holiday Cards
H2203U-A,Star Dance - Travel Holiday Cards
9568D-A,Surfing Santa - Travel Holiday Cards
HX580U-A,Tropical Surprise - Travel Holiday Cards
H3170U-AA,Tropical Wishes - Travel Holiday Cards
H6158U-AA,Relaxing Holiday - Tropical Holiday Cards
H1270S-4A,Silver Reflection - Upscale Holiday Cards
D6044D-Y,Banner Valentine - Valentine's Day Cards
D6043U-Y,Colorful Hearts - Valentine's Day Cards
D166D-Y,Floating Valentines - Valentine's Day Cards
D167D-Y,Graphic Hearts - Valentine's Day Cards
D4088D-V,Hearts Logo Card - Valentine's Day Cards
X49D-Y,Pastel Valentine - Valentine's Day Cards
D4088D-V,Red Hearts Logo Card - Valentine's Day Cards
D4070U-Y,Retro Valentine - Valentine's Day Cards
D966D-Y,Valentine Hearts - Valentine's Day Cards
750D-X,Valentine Sparkle - Valentine's Day Cards
859D-Y,Valentine's Day - Valentine's Day Cards
A2063D-X,Vintage Valentine - Valentine's Day Cards
D4087U-Y,We Love Our Customers Retro - Valentine's Day Cards
A3055D-Y,Hearts - Valentine's Day Cards
D4075D-Y,Armed Services Thank You - Veteran's Day Cards
D4078D-Y,Patriotic Tribute - Veteran's Day Cards
D5084U-Y,Veteran's Day Heroes - Veteran's Day Cards
A5083U-X,Veteran's Pride - Veteran's Day Cards
A5057U-X,Filigree Heart Congrats - Wedding Congratulations Cards
A5056U-X,Mr. & Mrs. - Wedding Congratulations Cards
D5058D-Y,Tying the Knot - Wedding Congratulations Cards
H6061G-AAA,Aspens - Thanksgiving Cards
H6063G-AAA,Autumn Twilight - Thanksgiving Cards
AO500,Birthday Assortment - Birthday Card Assortment Packs
AX34P-ZZ,Birthday Jubilee Postcard - Birthday Postcards
A518U-X,Birthday License - Auto Birthday Cards
A3038U-Y,Bull & Bear - Financial Birthday Cards
8547U-AA,Christmas Tree - Business Christmas Cards
D4119D-V,Circle Pattern Monogram - Monogram Note Cards
A828U-Y,Classic Car - Auto Birthday Cards
AX33T-Z,Clouds - Scenic Birthday Cards
H6071U-A,Colorful Leaves - Thanksgiving Cards
A5061U-X,Congratulations Graduate - Graduation Congratulations Cards
D4118D-V,Contemporary Monogram - Monogram Note Cards
A120U-X,Early Morning Tee - Golf Birthday Cards
A4007S-W,Elegant Swirl - Corporate Birthday Cards
AO504,Every Occasion Assortment - Employee Assortment Packs
H6075KW-AA,Fall Swirl - Thanksgiving Cards
H6072U-A,Forest Floor - Thanksgiving Cards
748D-X,Formal Invitation - Business Note Cards
A124U-X,Formal Wall Street - Financial Birthday Cards
855U-Y,Get Together - Business Note Cards
AO105,Get Well Assortment - Get Well Card Assortment Packs
H6064U-AA,Glistening Leaves - Thanksgiving Cards
A749D-X,Golden Thank You - Business Thank You Cards
A5062D-X,Graduate Celebration - Graduation Congratulations Cards
A983KW-X,Green Birthday - Eco Friendly Birthday Cards
AX66KW-X,Green Get Well - Eco Friendly Get Well Cards
X578U-A,Happy Hanukkah - Jewish Holiday Cards
H5193U-AA,Harbor Greetings - Scenic Holiday Cards
D4089D-V,Hearts Logo Cards - Valentine's Day Cards
A923U-Y,Hidden Picture Farm - Children's Birthday Cards
D550T-Z,In the News - Name in the News Cards
962D-Y,In the News! - Name in the News Cards
H6059G-AAA,Lakeside Color - Thanksgiving Cards
D3077D-Y,Look Who Made the News - Name in the News Cards
AO307,Milestones Assortment - Employee Assortment Packs
H6066U-AA,Morning Mist - Thanksgiving Cards
D4103D-Y,News Flapper - Name in the News Cards
D4104D-Y,News Flash - Name in the News Cards
D2065D-Y,News Stand - Name in the News Cards
D551D-Y,Open Road Notecard - Business Note Cards
H6060G-AAA,Orange Glow - Thanksgiving Cards
A980KW-X,Organic Birthday - Eco Friendly Birthday Cards
AO903,Other Holidays Assortment - Employee Assortment Packs
X570U-AA,Painted City - Business Holiday Cards
H6073D-A,Pumpkin Thanks - Thanksgiving Cards
H1328KW-AA,Recycle Greetings - Recycled Holiday Cards
D4116D-V,Retro Monogram - Monogram Note Cards
WSDCSA,Scenes Across America - 2017 Desk Calendars
SS2017,Scenic Seasons - 2017 Desk Calendars
SW2017,Scenic World -2017 Desk Calendars
H6069U-AA,Seasonal Home - Thanksgiving Cards
H6067U-AA,Seasonal Thanks - Thanksgiving Cards
X525U-A,Simple Beauty - Thanksgiving Cards
H6065U-AA,Simply Fall - Thanksgiving Cards
AX42U-X,Sincere Sympathy - Sympathy Cards
924U-Y,Skater - Children's Birthday Cards
753D-Y,Starfish Note Card - Business Note Cards
D4121D-V,Stylish Grey Monogram - Monogram Note Cards
D3052U-Y,Summer Dreams - Happy Summer Cards
A153U-X,Sympathy Leaves - Sympathy Cards
A149T-Z,Teal Floral - Budget Birthday Cards
946D-X,Thank You Leaves - Business Thank You Cards
H6068U-AA,Thank You Reflection - Thanksgiving Cards
H6074KW-AA,Thankful - Recycled Thanksgiving Cards
954D-Y,Thanks a Bunch - Business Thank You Cards
H6070U-AA,Thanksgiving Gratitude - Thanksgiving Cards
D752D-Y,Thinking of You Floral - Thinking of You Cards
D136U-Y,Tiki Party - Children's Birthday Cards
TT2017,Timely Topics - 2017 Desk Calendars
D5063D-Y,Today's Your Day - Graduation Congratulations Cards
H6062G-AAA,Vibrant Birch - Thanksgiving Cards
D4120D-V,Watercolor Leaves Monogram - Monogram Note Cards
H1230U-A,Wheat Field - Business Thanksgiving Cards
WSDCWW,Wonders of the World - 2017 Desk Calendars
D757D-Y,You're in the News - Name in the News Cards
755D-Y,You're Invited - Business Note Cards
