111U-X,Patriotic Birthday - Set of 50 -  Patriotic Birthday Cards
113U-X,Stroll in the Park - Set of 50 -  Scenic Birthday Cards
119U-X,Coastal Golf - Set of 50 -  Golf Birthday Cards
125U-X,Birthday Construction - Set of 50 -  Construction Birthday Cards
126U-X,Feliz Cumpleanos - Set of 50 -  Spanish Birthday Cards
127U-X,Patriotic Home - Set of 50 -  Patriotic Birthday Cards
129U-X,Nest Egg - Set of 50 -  Financial Birthday Cards
132R-X,Chinese Birthday - Set of 50 -  Chinese Birthday Cards
135U-Y,Spring Floral - Set of 50 -  Floral Birthday Cards
143U-Y,Feliz Cumpleanos Balloons - Set of 50 -  Spanish Birthday Cards
144L-Y,Birthday Policy - Set of 50 -  Financial Birthday Cards
147R-Y,Chinese Orchids - Set of 50 -  Chinese Birthday Cards
150T-Z,Field of Dreams - Set of 50 -  Floral Birthday Cards
151P-ZZ,Plaid Postcard - Set of 50 -  Business Birthday PostCards
152P-ZZ,Rainbow Postcard - Set of 50 -  Birthday PostCards
156U-X,Feels Like Home Mother's Day - Set of 50 -  Mother's Day Cards
159D-Y,Mother's Day Daisy - Set of 50 -  Mother's Day Cards
160D-Y,Formal Father's Day - Set of 50 -  Father's Day Cards
161U-X,Scenic Father's Day - Set of 50 -  Father's Day Cards
162U-X,Special Moments Father's Day - Set of 50 -  Father's Day Cards
163D-X,4th of July Nostalgia - Set of 50 -  4th of July Cards
165D-Y,Clover Border - Set of 50 -  St. Patrick's Day Cards
168D-Y,Easter Tulips - Set of 50 -  Easter Cards
169D-Y,Easter Eggs - Set of 50 -  Easter Cards
171D-Y,Black Cat - Set of 50 -  Halloween Cards
173D-Y,Stork's Surprise - Set of 50 -  New Baby Congratulations Cards
174U-X,Anniversary Celebration - Set of 50 -  Employee Anniversary Cards
177D-X,Formal Congratulations - Set of 50 -  Congratulations Cards
178U-X,Formal Welcome - Set of 50 -  Employee Welcome Cards
180D-Y,Welcome to the Team - Set of 50 -  Employee Welcome Cards
182D-X,Get Well - Set of 50 -  Get Well Cards
184D-X,Corporate Thank You - Set of 50 -  Business Thank You Cards
186P-ZZ,Swirl Thank You Postcard - Set of 50 -  Thank You PostCards
187P-ZZ,Squares Thank You Postcard - Set of 50 -  Thank You PostCards
188KW-X,Organic Get Well - Set of 50 -  Recycled Get Well Cards
189KW-X,Green Leaf Thank You - Set of 50 -  Recycled Thank You Cards
190KW-X,Vine Thank You - Set of 50 -  Recycled Thank You Cards
193KW-X,Green Anniversary - Set of 50 -  Recycled Anniversary Cards
199D-Y,Tooth Flower - Set of 50 -  Dental Birthday Cards
3122M-B,Letterhead Blank - Set of 50 -  Thanksgiving Letterhead
4154P,Calendar Inserts (Set of 50)
446C-Y,Rosh Hashanah - Set of 50 -  Jewish Holiday Cards
452P-ZZ,Balloons Postcard - Set of 50 -  Birthday PostCards
502S-W,Executive Birthday - Set of 50 -  Business Birthday Cards
542U-X,Rejoice Easter - Set of 50 -  Easter Cards
625D-Y,Cake and Balloons - Set of 50 -  Business Birthday Cards
635U-X,Formal Anniversary - Set of 50 -  Business Anniversary Cards
701S-W,Birthday Sparkle - Set of 50 -  Business Birthday Cards
733R-Y,Chinese Birthday - Set of 50 -  Chinese Birthday Cards
744U-X,Liberty 4th of July - Set of 50 -  4th of July Cards
747U-X,Easter Cross - Set of 50 -  Easter Cards
748D-X,Formal Invitation - Set of 50 -  Business Note Cards
750D-X,Valentine Sparkle - Set of 50 -  Valentine's Day Cards
7529S-AAA,Snowflake Sparkle - Set of 50 -  Business Holiday Cards
753D-Y,Starfish Note Card - Set of 50 -  Business Note Cards
755D-Y,You're Invited - Set of 50 -  Business Note Cards
756D-Y,Baby Congratulations - Set of 50 -  New Baby Congratulations Cards
758D-Y,Happy St. Patrick's Day - Set of 50 -  St. Patrick's Day Cards
759D-Y,Jack O' Lanterns - Set of 50 -  Halloween Cards
762P-ZZ,Referral Reply Postcard - Set of 50 -  Referral Thank You Cards
836L-Y,Policy - Set of 50 -  Financial Birthday Cards
837P-ZZ,Hot Air Balloon Postcard - Set of 50 -  Scenic Birthday PostCards
838P-ZZ,Tropical Postcard - Set of 50 -  Birthday PostCards
842U-X,Jewish New Year - Set of 50 -  Jewish Holiday Cards
847U-X,Anniversary - Set of 50 -  Employee Anniversary Cards
8533S-AAA,Patriotic Glitter - Set of 50 -  Patriotic Holiday Cards
8534S-AAA,Sparkle Wreath - Set of 50 -  Business Holiday Cards
8542U-AA,Holiday Stars - Set of 50 -  Patriotic Holiday Cards
8547U-AA,Christmas Tree - Set of 50 -  Business Christmas Cards
8548U-AA,Christmas Glow - Set of 50 -  Business Christmas Cards
8549U-AA,Peaceful Home - Set of 50 -  Home Theme Holiday Cards
854U-Y,Get Well - Set of 50 -  Get Well Cards
8550U-AA,Feliz Navidad - Set of 50 -  Spanish Holiday Cards
855U-Y,Get Together - Set of 50 -  Business Note Cards
8561L-A,Holiday Policy - Set of 50 -  Financial Holiday Cards
8568P,Calendar Inserts (Set of 50)
859D-Y,Valentine's Day - Set of 50 -  Valentine's Day Cards
864T-X,Congratulations - Set of 50 -  Congratulations Cards
870L-X,Executive Thank You - Set of 50 -  Business Thank You Cards
9153C-AA,Hanukkah - Set of 50 -  Jewish Holiday Cards
916U-X,Wall Street Balloons - Set of 50 -  Financial Birthday Cards
924U-Y,Skater - Set of 50 -  Children's Birthday Cards
936P-ZZ,Cupcake Postcard - Set of 50 -  Birthday PostCards
938U-X,Sympathy Scene - Set of 50 -  Sympathy Cards
940U-X,Fireworks - Set of 50 -  4th of July Cards
944U-Y,Easter Sacrifice - Set of 50 -  Easter Cards
946D-X,Thank You Leaves - Set of 50 -  Business Thank You Cards
949D-X,Star Anniversary - Set of 50 -  Employee Anniversary Cards
950D-X,Star Congratulations - Set of 50 -  Congratulations Cards
9515G-AAA,Colorful Business Thanks - Set of 50 -  Business Thanksgiving Cards
9523U-A,Autumn Forest - Set of 50 -  Business Thanksgiving Cards
9529KW-AA,Thanksgiving Nature - Set of 50 -  Recycled Thanksgiving Cards
9531S-4A,Shimmering Snowflake - Set of 50 -  Business Holiday Cards
9532S-4A,Elegant Snowflakes - Set of 50 -  Business Holiday Cards
9533S-4A,Exquisite Star - Set of 50 -  Patriotic Holiday Cards
9540G-AAA,Patriotic Greetings - Set of 50 -  Patriotic Holiday Cards
9543G-AAA,Winter City - Set of 50 -  Scenic Holiday Cards
9546G-AAA,Holiday Door - Set of 50 -  Business Holiday Cards
954D-Y,Thanks a Bunch - Set of 50 -  Business Thank You Cards
9550U-AA,Holiday Home - Set of 50 -  Home Theme Holiday Cards
9556U-AA,Holiday License Plate - Set of 50 -  Travel Holiday Cards
9557U-AA,Sparkling New Year - Set of 50 -  New Year's Cards
9558U-AA,Decorated Pine - Set of 50 -  Business Christmas Cards
9559U-AA,Baby Jesus - Set of 50 -  Religious Christmas Cards
9561U-AA,Happy Hanukkah - Set of 50 -  Jewish Holiday Cards
9568D-A,Surfing Santa - Set of 50 -  Travel Holiday Cards
9569D-A,Hanukkah Greetings - Set of 50 -  Jewish Holiday Cards
956D-Y,The Thinker - Set of 50 -  Get Well Cards
9570D-A,Christmas Blessings - Set of 50 -  Business Christmas Cards
9571D-A,Jingle Bells - Set of 50 -  Business Holiday Cards
9572L-A,Holiday Policy - Set of 50 -  Financial Holiday Cards
9573T-B,Winter Greetings - Set of 50 -  Scenic Holiday Cards
9574P-BB,Snowy Fence Postcard - Set of 50 -  Holiday PostCards
9575P-BB,Golden Bow Postcard - Set of 50 -  Holiday PostCards
9576KW-AA,Holly - Set of 50 -  Recycled Holiday Cards
957D-Y,Happy Summer - Set of 50 -  Summer Greeting Cards
958D-Y,Thinking of You Dolphin - Set of 50 -  Thinking of You Cards
961D-Y,Good For You - Set of 50 -  Employee Congratulations Cards
962D-Y,In the News! - Set of 50 -  Name in the News Cards
964D-Y,Happy Spring - Set of 50 -  Spring Greeting Cards
965D-Y,Trick or Treat - Set of 50 -  Halloween Cards
967D-Y,Fourth of July Monument - Set of 50 -  4th of July Cards
968D-Y,Welcome Little One - Set of 50 -  New Baby Congratulations Cards
969LV-X,Sincere Thanks - Set of 50 -  Client 
970LV-X,Sincere Thanks - Set of 50 -  Service 
974D-Y,Happy Retirement - Set of 50 -  Employee Retirement Cards
975T-Y,Colorful Thank You - Set of 50 -  Business Thank You Cards
982KW-X,Blue Sky - Set of 50 -  Scenic Birthday Cards
985KW-X,Simple Pleasures - Set of 50 -  Business Birthday Cards
986KW-X,Retro Thank You - Set of 50 -  Recycled Thank You Cards
987KW-X,Thank You Squares - Set of 50 -  Recycled Thank You Cards
991KW-X,Blue Water Sympathy - Set of 50 -  Recycled Sympathy Cards
A108S-W,Soaring Eagle - Set of 50 -  Patriotic Birthday Cards
A110U-X,Corporate Happy Birthday - Set of 50 -  Business Birthday Cards
A1200D-Y,O Canada - Set of 50 -  Canada Day Cards
A1201D-Y,Happy Canada Day - Set of 50 -  Canada Day Cards
A1202D-Y,Muskoka Chair - Set of 50 -  Canada Day Cards
A120U-X,Early Morning Tee - Set of 50 -  Golf Birthday Cards
A124U-X,Formal Wall Street - Set of 50 -  Financial Birthday Cards
A1365D-X,Silver Blue Border Notecard - Set of 50 -  Business Note Cards
A1366D-X,Red Stripe Notecard - Set of 50 -  Business Note Cards
A1367D-X,Corporate Notecard - Set of 50 -  Business Note Cards
A149T-Z,Teal Floral - Set of 50 -  Budget Birthday Cards
A153U-X,Sympathy Leaves - Set of 50 -  Sympathy Cards
A158U-X,Mother's Day Floral - Set of 50 -  Mother's Day Cards
A2000G-4W,Magic Surprise - Set of 50 -  Business Birthday Cards
A2003S-W,Glitter Balloons - Set of 50 -  Business Birthday Cards
A2004S-W,Abstract Birthday - Set of 50 -  Business Birthday Cards
A2005G-W,Birthday Praise - Set of 50 -  Religious Birthday Cards
A2010G-W,Cupcake Birthday - Set of 50 -  Business Birthday Cards
A2013U-X,Happy Packages - Set of 50 -  Business Birthday Cards
A2015U-X,Monarch Dance - Set of 50 -  Floral Birthday Cards
A2017U-X,Floral Welcome - Set of 50 -  Floral Birthday Cards
A2018U-X,Birthday Proverbs - Set of 50 -  Religious Birthday Cards
A2019U-X,Clematis Blossoms - Set of 50 -  Floral Birthday Cards
A2024U-Y,Cake Surprise - Set of 50 -  Business Birthday Cards
A2028D-Y,Star Birthday - Set of 50 -  Business Birthday Cards
A2030T-Z,Brown- Set of 50 - Eyed Susans 
A2031T-Z,Waterfall - Set of 50 -  Business Birthday Cards
A2032P-ZZ,Birthday Bunch Postcard - Set of 50 -  Employee Birthday PostCards
A2033P-ZZ,Festive Cake Postcard - Set of 50 -  Employee Birthday PostCards
A2034KW-X,Special Moments - Set of 50 -  Recycled Birthday Cards
A2037KW-X,Floral Branch - Set of 50 -  Recycled Birthday Cards
A2038U-X,Growing Cash - Set of 50 -  Financial Birthday Cards
A2039U-X,Money Collage - Set of 50 -  Financial Birthday Cards
A2040U-X,Patriotic Wall Street - Set of 50 -  Patriotic Birthday Cards
A2041U-Y,Closing Bell - Set of 50 -  Financial Birthday Cards
A2042U-Y,Wall Street Workout - Set of 50 -  Financial Birthday Cards
A2044D-Y,Stock Ticker - Set of 50 -  Financial Birthday Cards
A2045U-X,Contemporary Anniversary - Set of 50 -  Employee Anniversary Cards
A2046U-X,Classic Anniversary - Set of 50 -  Business Anniversary Cards
A2047U-X,Employee Dedication - Set of 50 -  Employee Anniversary Cards
A2049U-X,Feliz Cumpleanos - Set of 50 -  Spanish Birthday Cards
A2050R-X,Chinese Koi - Set of 50 -  Chinese Birthday Cards
A2051U-X,American Spirit - Set of 50 -  4th of July Cards
A2052D-X,We Are America - Set of 50 -  Canada Day Cards
A2056U-X,Mother's Day Garden - Set of 50 -  Mother's Day Cards
A2058D-X,Apple a Day - Set of 50 -  Thinking of You Cards
A2060D-Y,Thinking of You Daisies - Set of 50 -  Thinking of You Cards
A2061D-Y,Irish Blessing - Set of 50 -  St. Patrick's Day Cards
A2062D-Y,Halloween Night - Set of 50 -  Halloween Cards
A2063D-X,Vintage Valentine - Set of 50 -  Valentine's Day Cards
A2064D-Y,Resurrection - Set of 50 -  Easter Cards
A2066U-X,Sentimental Sympathy - Set of 50 -  Business Sympathy Cards
A2067U-Y,Summer Beach - Set of 50 -  Summer Greeting Cards
A2071U-Y,Birthday Floss - Set of 50 -  Dental Birthday Cards
A2073D-Y,Baby Welcome - Set of 50 -  New Baby Congratulations Cards
A2074D-Y,Baby Rattle - Set of 50 -  New Baby Congratulations Cards
A2075L-Y,Cake Policy - Set of 50 -  Financial Birthday Cards
A2076U-X,Stylish Welcome - Set of 50 -  Employee Welcome Cards
A2077D-X,Welcome Glitz - Set of 50 -  Employee Welcome Cards
A2079D-X,Thanks for All You Do - Set of 50 -  Employee Thank You Cards
A2081D-X,Congratulations Whimsy - Set of 50 -  Congratulations Cards
A2082D-Y,Congratulations Balloons - Set of 50 -  Employee Congratulations Cards
A2083L-X,Executive Thank You - Set of 50 -  Business Thank You Cards
A2084D-X,Thank You Wave - Set of 50 -  Business Thank You Cards
A2086D-X,Damask Thank You - Set of 50 -  Business Thank You Cards
A3002G-W,Golden Balloons - Set of 50 -  Business Birthday Cards
A3003G-W,Party Cake - Set of 50 -  Business Birthday Cards
A3005G-4W,Patterned Balloons - Set of 50 -  Business Birthday Cards
A3016U-X,Catch a Wave - Set of 50 -  Travel Birthday Cards
A3017U-X,Modern Home - Set of 50 -  Home Theme Birthday Cards
A3018U-X,Beach Birthday - Set of 50 -  Travel Birthday Cards
A3023U-X,Cadillac Style - Set of 50 -  Automotive Birthday Cards
A3028U-X,Birthday Signs - Set of 50 -  Auto Birthday Cards
A3029L-X,Foil Policy - Set of 50 -  Financial Birthday Cards
A3035U-Y,Feliz Cumpleanos - Set of 50 -  Spanish Birthday Cards
A3037U-Y,Caution Birthday - Set of 50 -  Construction Birthday Cards
A3038U-Y,Bull & Bear - Set of 50 -  Financial Birthday Cards
A3039D-Y,Birthday Pattern - Set of 50 -  Business Birthday Cards
A3041D-Y,Birthday Cash - Set of 50 -  Financial Birthday Cards
A3042T-Z,Package Icon - Set of 50 -  Business Birthday Cards
A3043KW-X,Earth Day Leaves - Set of 50 -  Earth Day Cards
A3044KW-X,Earth Day Cupcake - Set of 50 -  Earth Day Cards
A3045KW-X,Earth Day - Set of 50 -  Earth Day Cards
A3046KW-X,Bamboo Thank You - Set of 50 -  Recycled Thank You Cards
A3048KW-X,Dancing Flowers - Set of 50 -  Recycled Birthday Cards
A3049KW-X,Three Balloons - Set of 50 -  Recycled Birthday Cards
A3050U-X,Crucified and Risen - Set of 50 -  Easter Cards
A3054U-Y,Happy Autumn - Set of 50 -  Fall Greeting Cards
A3055D-Y,Hearts - Set of 50 -  Valentine's Day Cards
A3056D-Y,Clover - Set of 50 -  St. Patrick's Day Cards
A3058U-Y,Halloween Pumpkin - Set of 50 -  Halloween Cards
A3059U-X,Mother's Day Peony - Set of 50 -  Mother's Day Cards
A3060U-Y,Father's Day Beach - Set of 50 -  Father's Day Cards
A3061U-X,Anniversary Wreath - Set of 50 -  Business Anniversary Cards
A3062U-Y,Bright Star Anniversary - Set of 50 -  Employee Anniversary Cards
A3063D-X,Cheerful Get Well - Set of 50 -  Get Well Cards
A3064D-Y,Get Well Bandages - Set of 50 -  Get Well Cards
A3069D-X,Colorful Congrats - Set of 50 -  Congratulations Cards
A3070D-X,Colorful Welcome - Set of 50 -  Employee Welcome Cards
A3071D-X,Sparkling Thank You - Set of 50 -  Business Thank You Cards
A3072D-Y,Thanks - Set of 50 -  Business Thank You Cards
A3211P-ZZ,Green Leaves Birthday Postcard - Set of 50 -  Birthday PostCards
A4000G-4W,Golden Birthday - Set of 50 -  Business Birthday Cards
A4001G-W,Mountain Majesty - Set of 50 -  Scenic Birthday Cards
A4002G-W,Red Rock Coast - Set of 50 -  Scenic Birthday Cards
A4003G-W,Fashionable Stripes - Set of 50 -  Business Birthday Cards
A4004S-W,Modern Birthday - Set of 50 -  Business Birthday Cards
A4005G-W,Damask Greetings - Set of 50 -  Business Birthday Cards
A4006G-W,Colorful Wall Street - Set of 50 -  Financial Birthday Cards
A4007S-W,Elegant Swirl - Set of 50 -  Corporate Birthday Cards
A4008G-W,Celebration Stars - Set of 50 -  Business Birthday Cards
A4009G-W,Stylish Birthday - Set of 50 -  Business Birthday Cards
A4011G-W,Birthday Tulips - Set of 50 -  Floral Birthday Cards
A4012U-X,Dotted Birthday - Set of 50 -  Business Birthday Cards
A4013U-X,Birthday Filigree - Set of 50 -  Business Birthday Cards
A4014U-X,Birthday Bubbles - Set of 50 -  Business Birthday Cards
A4016U-X,Sunset Sail - Set of 50 -  Travel Birthday Cards
A4018U-X,Classic Floral - Set of 50 -  Floral Birthday Cards
A4019U-X,Porch View - Set of 50 -  Scenic Birthday Cards
A4021U-X,Patriotic Pattern - Set of 50 -  Patriotic Birthday Cards
A4023U-X,Money Market - Set of 50 -  Financial Birthday Cards
A4024U-X,Rejoice Birthday - Set of 50 -  Religious Birthday Cards
A4025U-X,Golf Ball - Set of 50 -  Golf Birthday Cards
A4026U-X,Weekend Retreat - Set of 50 -  Home Theme Birthday Cards
A4027U-X,Chinese Balloons - Set of 50 -  Chinese Birthday Cards
A4029U-X,Vital Birthday - Set of 50 -  Medical Birthday Cards
A4030U-X,Birthday Money Tree - Set of 50 -  Financial Birthday Cards
A4031U-X,Star Cupcake - Set of 50 -  Business Birthday Cards
A4033U-X,Red Door - Set of 50 -  Home Theme Birthday Cards
A4034U-X,Elk River - Set of 50 -  Scenic Birthday Cards
A4037U-X,Birthday Sign - Set of 50 -  Travel Birthday Cards
A4038U-X,Chinese Beads - Set of 50 -  Chinese Birthday Cards
A4039U-X,Feliz Cumpleanos - Set of 50 -  Spanish Birthday Cards
A4040U-X,Birthday Cheer - Set of 50 -  Business Birthday Cards
A4041U-X,Birthday From All - Set of 50 -  Employee Birthday Cards
A4043D-X,Birthday Chevron - Set of 50 -  Business Birthday Cards
A4044U-Y,Birthday Rays - Set of 50 -  Business Birthday Cards
A4045U-Y,Hummingbird - Set of 50 -  Floral Birthday Cards
A4046U-Y,Lake Reflection - Set of 50 -  Scenic Birthday Cards
A4047U-Y,Birthday Path - Set of 50 -  Religious Birthday Cards
A4048U-Y,Beach Picnic - Set of 50 -  Travel Birthday Cards
A4049U-Y,Bull & Bear Race - Set of 50 -  Financial Birthday Cards
A4050U-Y,Birthday Roundup - Set of 50 -  Children's Birthday Cards
A4052T-Z,Summer Fields - Set of 50 -  Scenic Birthday Cards
A4053L-Y,Cupcake Policy - Set of 50 -  Financial Birthday Cards
A4054P-ZZ,Tropical Waters Postcard - Set of 50 -  Travel Birthday PostCards
A4055P-ZZ,Balloon Party Postcard - Set of 50 -  Business Birthday PostCards
A4057KW-X,Rising Happiness - Set of 50 -  Recycled Birthday Cards
A4058D-X,Grey Stripes Thank You - Set of 50 -  Employee Thank You Cards
A4060L-X,Modern Thank You - Set of 50 -  Business Thank You Cards
A4061U-X,Anniversary Foliage - Set of 50 -  Business Anniversary Cards
A4062D-X,Anniversary Streamers - Set of 50 -  Employee Anniversary Cards
A4063U-X,Elegant Sympathy - Set of 50 -  Business Sympathy Cards
A4064D-X,Great Job Stars - Set of 50 -  Employee Congratulations Cards
A4065T-X,Congratulations Stars - Set of 50 -  Congratulations Cards
A4066U-X,Easter Blessings - Set of 50 -  Easter Cards
A4067U-X,July 4th Sparkler - Set of 50 -  4th of July Cards
A4102U-Y,Sympathy Bench - Set of 50 -  Business Sympathy Cards
A4108U-Y,Birdy Party - Set of 50 -  Employee Birthday Cards
A4258T-Z,Thank You Spirals - Set of 50 -  Business Thank You Cards
A4259T-Z,Congrats Spirals - Set of 50 -  Employee Congratulations Cards
A4260T-Z,Get Well Spirals - Set of 50 -  Get Well Cards
A4261T-Z,Just a Note Spirals - Set of 50 -  Business Note Cards
A439T-Z,Birthday Balloons - Set of 50 -  Business Birthday Cards
A440G-W,Sympathy - Set of 50 -  Business Sympathy Cards
A5000S-W,Mountain Stream - Set of 50 -  Scenic Birthday Cards
A5001S-W,Colorful Medallions - Set of 50 -  Business Birthday Cards
A5002G-W,Birthday Circles - Set of 50 -  Business Birthday Cards
A5003G-W,Crazy Cake - Set of 50 -  Business Birthday Cards
A5004G-W,Streamers & Balloons - Set of 50 -  Business Birthday Cards
A5005G-W,Golden Stars - Set of 50 -  Business Birthday Cards
A5006S-W,Candle Stripes - Set of 50 -  Business Birthday Cards
A5007G-W,Floral Elegance - Set of 50 -  Floral Birthday Cards
A5008G-W,Wyoming Wildflowers - Set of 50 -  Scenic Birthday Cards
A5009G-W,Geraniums - Set of 50 -  Floral Birthday Cards
A5010U-X,Have a Great Birthday - Set of 50 -  Employee Birthday Cards
A5011U-X,From All of Us - Set of 50 -  Employee Birthday Cards
A5012U-X,Birthday Celebration - Set of 50 -  Business Birthday Cards
A5013U-X,Dragonfly - Set of 50 -  Business Birthday Cards
A5014U-X,Sunlit Path - Set of 50 -  Scenic Birthday Cards
A5015U-X,Sea Life - Set of 50 -  Travel Birthday Cards
A5016U-X,Sailboat - Set of 50 -  Travel Birthday Cards
A5017U-X,Puppies - Set of 50 -  Employee Birthday Cards
A5018U-X,Birthday Wishes - Set of 50 -  Employee Birthday Cards
A5019U-X,Plumeria - Set of 50 -  Floral Birthday Cards
A5020U-X,Tee Time - Set of 50 -  Golf Birthday Cards
A5021U-X,Equestrian Birthday - Set of 50 -  Children's Birthday Cards
A5022U-Y,Graphic Birthday - Set of 50 -  Business Birthday Cards
A5023U-Y,Bright Circles - Set of 50 -  Employee Birthday Cards
A5024U-Y,Monster Bash Maze - Set of 50 -  Business Birthday Cards
A5025U-Y,Pink Owl - Set of 50 -  Business Birthday Cards
A5026D-Y,Dachshund Party - Set of 50 -  Children's Birthday Cards
A5027D-Y,Hooray - Set of 50 -  Employee Birthday Cards
A5028U-X,Welcome Friends - Set of 50 -  Home Theme Birthday Cards
A5029U-X,Patriotic Porch - Set of 50 -  Patriotic Birthday Cards
A5030U-X,Birthday Mercies - Set of 50 -  Religious Birthday Cards
A5031U-Y,Birthday Proverbs - Set of 50 -  Religious Birthday Cards
A5032U-Y,Floral Psalm - Set of 50 -  Religious Birthday Cards
A5033L-X,Best Wishes Policy - Set of 50 -  Financial Birthday Cards
A5034U-X,Bull & Bear Wishes - Set of 50 -  Financial Birthday Cards
A5035U-X,Wall Street Cupcake - Set of 50 -  Financial Birthday Cards
A5037U-Y,Birthday Shares - Set of 50 -  Financial Birthday Cards
A5038U-Y,Bull & Bear Splash - Set of 50 -  Financial Birthday Cards
A5039U-X,Feliz Cumpleanos - Set of 50 -  Spanish Birthday Cards
A5041U-X,Star Burst - Set of 50 -  Patriotic Birthday Cards
A5042U-X,Stars and Stripes - Set of 50 -  Patriotic Birthday Cards
A5043U-X,Graphic Stars - Set of 50 -  Patriotic Birthday Cards
A5044U-X,Three Ninety Six - Set of 50 -  Automotive Birthday Cards
A5045U-Y,Chrome Wishes - Set of 50 -  Auto Birthday Cards
A5046U-Y,Have a Ball - Set of 50 -  Children's Birthday Cards
A5047KW-X,Organic Leaves - Set of 50 -  Recycled Birthday Cards
A5048KW-X,Natural Chevron - Set of 50 -  Recycled Birthday Cards
A5049KW-X,We Miss You Daisies - Set of 50 -  Thinking of You Cards
A5050KW-X,Congrats Star - Set of 50 -  Employee Congratulations Cards
A5051U-X,Leaf Pattern Sympathy - Set of 50 -  Business Sympathy Cards
A5052U-X,Peaceful Path - Set of 50 -  Business Sympathy Cards
A5053U-X,Praying for You - Set of 50 -  Business Sympathy Cards
A5056U-X,Mr. & Mrs. - Set of 50 -  Wedding Congratulations Cards
A5057U-X,Filigree Heart Congrats - Set of 50 -  Wedding Congratulations Cards
A5061U-X,Congratulations Graduate - Set of 50 -  Graduation Congratulations Cards
A5062D-X,Graduate Celebration - Set of 50 -  Graduation Congratulations Cards
A5064D-X,Confetti Congratulations - Set of 50 -  Congratulations Cards
A5065D-X,Thank You Script - Set of 50 -  Employee Thank You Cards
A5066D-X,Thanks for Your Contribution - Set of 50 -  Employee Thank You Cards
A5067U-X,You Make the Difference - Set of 50 -  Employee Congratulations Cards
A5068U-X,Butterfly Thank You - Set of 50 -  Business Thank You Cards
A5069D-X,Giving Thanks - Set of 50 -  Business Thank You Cards
A5070U-X,Banner 4th of July - Set of 50 -  4th of July Cards
A5071D-X,Awesome - Set of 50 -  Employee Congratulations Cards
A5072D-X,Beat It - Set of 50 -  Employee Congratulations Cards
A5073D-X,You Rock Blue - Set of 50 -  Employee Thank You Cards
A5074D-X,You Did It - Set of 50 -  Employee Achiement Cards
A5075D-X,Great Job - Set of 50 -  Congratulations Cards
A5076D-X,You're Rad - Set of 50 -  Employee Thank You Cards
A5078D-X,Welcome Pattern - Set of 50 -  Employee Welcome Cards
A5083U-X,Veteran's Pride - Set of 50 -  Veteran's Day Cards
A5086U-X,Party Gras - Set of 50 -  Mardi Gras Cards
A5095D-X,Retirement Wishes - Set of 50 -  Employee Retirement Cards
A5100P-ZZ,Graphic Floral Postcard - Set of 50 -  Birthday PostCards
A5101P-ZZ,Stylish Typography Postcard - Set of 50 -  Employee Birthday PostCards
A518U-X,Birthday License - Set of 50 -  Auto Birthday Cards
A543D-X,Corporate Note - Set of 50 -  Business Note Cards
A6000G-4W,Gold Lustre Birthday - Set of 50 -  Business Birthday Cards
A6001G-W,On Your Birthday - Set of 50 -  Business Birthday Cards
A6002S-W,Simple Chevron - Set of 50 -  Business Birthday Cards
A6003G-W,Stars and Balloons - Set of 50 -  Employee Birthday Cards
A6004S-W,Party Time - Set of 50 -  Employee Birthday Cards
A6005G-W,Pastel Poppies - Set of 50 -  Floral Birthday Cards
A6006S-W,Floral Fence - Set of 50 -  Floral Birthday Cards
A6007S-W,Sparkle Cakes - Set of 50 -  Employee Birthday Cards
A6008G-W,Mountain Reflection - Set of 50 -  Scenic Birthday Cards
A6009S-W,Red White and Blue - Set of 50 -  Patriotic Birthday Cards
A6010U-X,Celebrate - Set of 50 -  Employee Birthday Cards
A6011U-X,From All - Set of 50 -  Employee Birthday Cards
A6012U-X,Exotic Waterfall - Set of 50 -  Scenic Birthday Cards
A6013U-X,Birthday Escape - Set of 50 -  Travel Birthday Cards
A6014U-X,Pebble Beach - Set of 50 -  Golf Birthday Cards
A6015U-X,Poolside - Set of 50 -  Scenic Birthday Cards
A6016U-X,Dahlia - Set of 50 -  Floral Birthday Cards
A6017U-X,Cake Wishes - Set of 50 -  Employee Birthday Cards
A6018U-X,Butterfly Birthday - Set of 50 -  Floral Birthday Cards
A6019U-X,Birthday Sailing - Set of 50 -  Travel Birthday Cards
A6020U-X,Yellow Door - Set of 50 -  Home Theme Birthday Cards
A6021U-X,Scrumptious Day - Set of 50 -  Employee Birthday Cards
A6022U-Y,American Birthday - Set of 50 -  Patriotic Birthday Cards
A6023U-Y,School of Fish - Set of 50 -  Scenic Birthday Cards
A6024U-Y,Treasure Island Birthday - Set of 50 -  Children's Birthday Cards
A6025U-Y,Retro Balloons - Set of 50 -  Employee Birthday Cards
A6026D-Y,Cute Kitty - Set of 50 -  Children's Birthday Cards
A6027P-ZZ,Package Postcard - Set of 50 -  Birthday PostCards
A6028U-X,Golden Eggs - Set of 50 -  Financial Birthday Cards
A6029U-X,Wall Street Sunset - Set of 50 -  Financial Birthday Cards
A6030U-Y,Bull & Bear - Set of 50 -  Financial Birthday Cards
A6031U-Y,Watercolor Blessing - Set of 50 -  Religious Birthday Cards
A6032U-Y,Scenic Psalm - Set of 50 -  Religious Birthday Cards
A6033U-X,Beetle Birthday - Set of 50 -  Automotive Birthday Cards
A6034U-X,Birthday GPS - Set of 50 -  Auto Birthday Cards
A6035S-W,Floral Sympathy - Set of 50 -  Business Sympathy Cards
A6036L-X,Balloons Policy - Set of 50 -  Financial Birthday Cards
A6037KW-X,Sustainable Flowers - Set of 50 -  Recycled Birthday Cards
A6038KW-X,Birthday Impressions - Set of 50 -  Recycled Birthday Cards
A6039KW-X,Sky Thank You - Set of 50 -  Recycled Thank You Cards
A6040KW-X,Organic Sympathy - Set of 50 -  Recycled Sympathy Cards
A6041U-X,Father's Day Mountain - Set of 50 -  Father's Day Cards
A6042U-X,Mother's Day Tulips - Set of 50 -  Mother's Day Cards
A6045U-X,Happy 4th - Set of 50 -  4th of July Cards
A6046U-X,Easter Bouquet - Set of 50 -  Easter Cards
A6048U-X,Celebrating You - Set of 50 -  Employee Congratulations Cards
A6049D-X,Modern Congratulations - Set of 50 -  Employee Congratulations Cards
A6050D-X,Chevron Congratulations - Set of 50 -  Congratulations Cards
A6051D-X,Celebrity Congratulations - Set of 50 -  Congratulations Cards
A6052D-X,Congrats - Set of 50 -  Congratulations Cards
A6053D-Y,Colorful Appreciation - Set of 50 -  Business Thank You Cards
A6054D-Y,Teamwork Thanks - Set of 50 -  Employee Thank You Cards
A6055L-X,Traditional Thank You - Set of 50 -  Business Thank You Cards
A6056U-X,Graphic Chinese New Year - Set of 50 -  Chinese New Year Cards
A6057U-X,Fireworks Chinese New Year - Set of 50 -  Chinese New Year Cards
A617U-X,Birthday Miles - Set of 50 -  Auto Birthday Cards
A634T-Z,Birthday Fiesta - Set of 50 -  Employee Birthday Cards
A708U-X,Shining Stars - Set of 50 -  Patriotic Birthday Cards
A742U-X,Sympathy Tree - Set of 50 -  Business Sympathy Cards
A749D-X,Golden Thank You - Set of 50 -  Business Thank You Cards
A812U-X,Contemporary Birthday - Set of 50 -  Business Birthday Cards
A828U-Y,Classic Car - Set of 50 -  Auto Birthday Cards
A846U-X,4th of July - Set of 50 -  4th of July Cards
A923U-Y,Hidden Picture Farm - Set of 50 -  Children's Birthday Cards
A934L-Y,Birthday Policy - Set of 50 -  Insurance Birthday Cards
A935T-Z,Floral Field - Set of 50 -  Scenic Birthday Cards
A955D-Y,Thinking of You Leaves - Set of 50 -  Thinking of You Cards
A980KW-X,Organic Birthday - Set of 50 -  Eco Friendly Birthday Cards
A983KW-X,Green Birthday - Set of 50 -  Eco Friendly Birthday Cards
AO105,Get Well Assortment  - Pack of 50 Assorted Cards
AO202,Get Well Assortment  - Pack of 50 Assorted Cards
AO303,Anniversary Assortment  - Pack of 50 Assorted Cards
AO304,Thank You Assortment  - Pack of 50 Assorted Cards
AO306,Welcome Assortment  - Pack of 50 Assorted Cards
AO307,Milestones Assortment  - Pack of 50 Assorted Cards
AO308,Sympathy Assortment  - Pack of 50 Assorted Cards
AO404,Birthday Postcard Assortment  - Pack of 50 Assorted Cards
AO405,Religious Assortment  - Pack of 50 Assorted Cards
AO408,Employee Achievement Assortment  - Pack of 50 Assorted Cards
AO500,Birthday Assortment  - Pack of 50 Assorted Cards
AO501,Birthday Assortment  - Pack of 50 Assorted Cards
AO502,Kids Birthday Assortment  - Pack of 50 Assorted Cards
AO503,Thank You Assortment  - Pack of 50 Assorted Cards
AO504,Every Occasion Assortment  - Pack of 50 Assorted Cards
AO505,Sympathy Assortment  - Pack of 50 Assorted Cards
AO506,Congratulations Assortment  - Pack of 50 Assorted Cards
AO600,Birthday Assortment  - Pack of 50 Assorted Cards
AO601,Birthday Assortment  - Pack of 50 Assorted Cards
AO602,Religious Birthday Assortment  - Pack of 50 Assorted Cards
AO603,Employee Anniversary Assortment  - Pack of 50 Assorted Cards
AO604,Congratulations Assortment  - Pack of 50 Assorted Cards
AO605,Birthday Postcard Assortment  - Pack of 50 Assorted Cards
AO903,Other Holidays Assortment  - Pack of 50 Assorted Cards
AX16U-X,Warmest Wishes - Set of 50 -  Scenic Birthday Cards
AX29D-Y,Make A Wish - Set of 50 -  Employee Birthday Cards
AX30D-Y,Birthday Joy - Set of 50 -  Travel Birthday Cards
AX33T-Z,Clouds - Set of 50 -  Scenic Birthday Cards
AX34P-ZZ,Birthday Jubilee Postcard - Set of 50 -  Birthday Postcards
AX42U-X,Sincere Sympathy - Set of 50 -  Sympathy Cards
AX43D-X,Anniversary Border - Set of 50 -  Employee Anniversary Cards
AX44D-X,Sparkling Anniversary - Set of 50 -  Employee Anniversary Cards
AX66KW-X,Green Get Well - Set of 50 -  Eco Friendly Get Well Cards
C6076U-AAA,Adirondacks Premium Calendar Cards (Set of 50)
C6077U-AAA,Seasons Premium Calendar Cards (Set of 50)
C6078U-AAA,Fireworks Premium Calendar Cards (Set of 50)
C6079U-AAA,Executive Premium Calendar Cards (Set of 50)
C6080U-AA,Parkville Pumpkins Calendar Cards (Set of 50)
C6081U-AA,Sunrise Calendar Cards (Set of 50)
C6082U-AA,Squares Calendar Cards (Set of 50)
C6083U-AA,Scenic Porch Calendar Cards (Set of 50)
C6084U-AA,Tropical Beach Calendar Cards (Set of 50)
C6085U-AA,Coral Reef Calendar Cards (Set of 50)
C6086U-AA,Nostalgic Truck Calendar Cards (Set of 50)
C6087U-AA,Sunflower Calendar Cards (Set of 50)
C6088U-AA,Scenic Mercies Calendar Cards (Set of 50)
C6089U-AA,Growing Cash Calendar Cards (Set of 50)
C6090U-AA,Stock Exchange Calendar Cards (Set of 50)
C6091U-AA,Red Canoes Calendar Cards (Set of 50)
C6092U-AAA,Modern Foil Calendar Cards (Set of 50)
C6093U-AAA,Celebration Foil Calendar Cards (Set of 50)
C6094U-AAA,Corporate Foil Calendar Cards (Set of 50)
C6099T-A,Winter Cardinals Pocket Calendar (Set of 50)
D100D-V,Green Border Logo Thank You - Set of 50 -  Custom Thank You Cards
D101D-V,Green Border Logo Notecard - Set of 50 -  Business Notecard
D102D-V,Navy Logo Thank You - Set of 50 -  Custom Thank You Cards
D103D-V,Navy Logo Notecard - Set of 50 -  Business Notecard
D104D-V,Teal Logo Thank You - Set of 50 -  Custom Thank You Cards
D105D-V,Teal Logo Notecard - Set of 50 -  Business Notecard
D106D-V,Blue Solid Logo Thank You - Set of 50 -  Custom Thank You Cards
D107D-V,Blue Solid Logo Notecard - Set of 50 -  Business Notecard
D108D-V,Red Logo Thank You - Set of 50 -  Custom Thank You Cards
D109D-V,Red Logo Notecard - Set of 50 -  Business Notecard
D110D-V,Blue Border Logo Thank You - Set of 50 -  Custom Thank You Cards
D111D-V,Blue Border Logo Notecard - Set of 50 -  Business Notecard
D112D-V,Flourish Logo Thank You - Set of 50 -  Custom Thank You Cards
D113D-V,Flourish Logo Notecard - Set of 50 -  Business Notecard
D114D-V,Lt Blue Logo Business Thanks - Set of 50 -  Custom Thank You Cards
D115D-V,Lt Blue Logo Thank You - Set of 50 -  Custom Thank You Cards
D1236L-B,Thanksgiving Letterhead - Set of 50 -  Thanksgiving Letterhead
D1250U-4B,Colorful Tree Logo Card - Set of 50 -  Logo Thanksgiving Cards
D1251U-4B,Tree Line Amber Logo Card - Set of 50 -  Logo Thanksgiving Cards
D1252U-4B,Tree Line White Logo Card - Set of 50 -  Logo Thanksgiving Cards
D1253U-4B,Leaf Border Logo Card - Set of 50 -  Logo Thanksgiving Cards
D1254U-4B,Thanksgiving Scene Logo Card - Set of 50 -  Logo Thanksgiving Cards
D1255U-4B,Business Thanks Logo Card - Set of 50 -  Logo Thanksgiving Cards
D1256U-4B,Colors of Fall Logo Card - Set of 50 -  Logo Thanksgiving Cards
D1257U-4B,Maple Logo Card - Set of 50 -  Logo Thanksgiving Cards
D1258U-4B,Peaceful Changes Logo Card - Set of 50 -  Logo Thanksgiving Cards
D1259U-4B,Golden Oak Photo Card - Set of 50 -  Photo Thanksgiving Cards
D1260U-4B,Classic Leaf Photo Card - Set of 50 -  Photo Thanksgiving Cards
D1261U-4B,Traditional Border Photo Card - Set of 50 -  Photo Thanksgiving Cards
D1262U-4B,Leaf Border Photo Card - Set of 50 -  Photo Thanksgiving Cards
D1263U-4B,Rustic Border Photo Card - Set of 50 -  Photo Thanksgiving Cards
D1264U-4B,Dancing Leaves Brown Photo Card - Set of 50 -  Photo Thanksgiving Cards
D1265U-4B,Dancing Leaves Vertical Photo Card - Set of 50 -  Photo Thanksgiving Cards
D1266U-4B,Dancing Leaves Green Photo Card - Set of 50 -  Photo Thanksgiving Cards
D1267U-4B,Rustic Pattern Photo Card - Set of 50 -  Photo Thanksgiving Cards
D1268U-4B,Leaf Pattern Photo Card - Set of 50 -  Photo Thanksgiving Cards
D1312D-A,Builder's Wreath - Set of 50 -  Construction Holiday Cards
D1323P-BB,Holly Postcard - Set of 50 -  Holiday PostCards
D1333U-A,Menorah - Set of 50 -  Jewish Holiday Cards
D1334D-A,Star of David - Set of 50 -  Jewish Holiday Cards
D1335U-4B,Taupe Snowflakes Photo Card - Set of 50 -  Photo Holiday Cards
D1336U-4B,Cheerful Snowflakes Photo Card - Set of 50 -  Photo Holiday Cards
D1337U-4B,Classic Seasons Photo Card - Set of 50 -  Photo Holiday Cards
D1338U-4B,Vibrant Red Photo Card - Set of 50 -  Photo Holiday Cards
D1339U-4B,Bright Lights Photo Card - Set of 50 -  Photo Holiday Cards
D1340U-4B,Christmas Flakes Photo Card - Set of 50 -  Photo Holiday Cards
D1341U-4B,Blue Flakes Photo Card - Set of 50 -  Photo Holiday Cards
D1342U-4B,Season's Swirls Photo Card - Set of 50 -  Photo Holiday Cards
D1343U-4A,Winter Pond Name Card - Set of 50 -  Logo Holiday Cards
D1344U-4A,Covered Branches Logo Card - Set of 50 -  Logo Holiday Cards
D1345U-4A,Sparkling Ornaments Logo/Name Card - Set of 50 -  Logo Holiday Cards
D1346U-4B,Frosted Branch Logo Card - Set of 50 -  Logo Holiday Cards
D1347U-4B,Country Road Logo Card - Set of 50 -  Logo Holiday Cards
D1348U-4B,Holiday Flurries Logo Card - Set of 50 -  Logo Holiday Cards
D1349U-4B,Season's Holly Logo/Name Card - Set of 50 -  Logo Holiday Cards
D1350U-4B,Winter Bridge Logo Card - Set of 50 -  Logo Holiday Cards
D1351U-4B,Watercolor Pine Logo Card - Set of 50 -  Logo Holiday Cards
D1352U-4B,Snowman Logo Card - Set of 50 -  Logo Holiday Cards
D1353U-4B,Holiday Garland Logo/Name Card - Set of 50 -  Logo Holiday Cards
D1354U-4B,Fallen Snow Logo Card - Set of 50 -  Logo Holiday Cards
D1355U-4B,Holiday Ornament Logo Card - Set of 50 -  Logo Holiday Cards
D1356U-4B,Glistening Branch Logo Card - Set of 50 -  Logo Holiday Cards
D1357U-4B,Penguin Logo Card - Set of 50 -  Logo Holiday Cards
D1358U-4B,Holiday Tree Name Card - Set of 50 -  Logo Holiday Cards
D1359U-4B,Delicate Flakes Logo/Name Card - Set of 50 -  Logo Holiday Cards
D1360U-4B,Snowflake Pattern Name Card - Set of 50 -  Logo Holiday Cards
D1368D-Y,Clouds Notecard - Set of 50 -  Business Note Cards
D1369D-V,Custom Blue Swirls Notecard - Set of 50 -  Business Notecard
D136U-Y,Tiki Party - Set of 50 -  Children's Birthday Cards
D1370D-Y,Blue Stripes Notecard - Set of 50 -  Business Note Cards
D1371D-V,Custom Bluebird Notecard - Set of 50 -  Business Note Cards
D1372D-V,Custom Ripple Notecard - Set of 50 -  Business Notecard
D1373D-V,Custom Gray Blue Notecard - Set of 50 -  Business Notecard
D1374D-V,Custom Gray Red Notecard - Set of 50 -  Business Notecard
D1375D-V,Custom Squares Notecard - Set of 50 -  Business Notecard
D1376D-V,Custom Gray Swirls Notecard - Set of 50 -  Business Notecard
D1377D-V,Custom Dark Brown Notecard - Set of 50 -  Business Notecard
D1378D-V,Custom Brocade Notecard - Set of 50 -  Business Notecard
D1379D-V,Custom Casual Stripes Notecard - Set of 50 -  Business Notecard
D137U-Y,Stock Market Prize - Set of 50 -  Financial Birthday Cards
D139U-Y,Tools - Set of 50 -  Construction Birthday Cards
D166D-Y,Floating Valentines - Set of 50 -  Valentine's Day Cards
D167D-Y,Graphic Hearts - Set of 50 -  Valentine's Day Cards
D170D-Y,Glowing Jack- Set of 50 - O
D172D-Y,Baby Feet - Set of 50 -  New Baby Congratulations Cards
D179U-Y,Welcome Party - Set of 50 -  Employee Welcome Cards
D181D-Y,Get Well Dots - Set of 50 -  Get Well Cards
D194U-Y,Medical Birthday - Set of 50 -  Medical Birthday Cards
D195U-Y,Birthday Prescription - Set of 50 -  Medical Birthday Cards
D196U-Y,Magic Toothbrush - Set of 50 -  Dental Birthday Cards
D197U-Y,Tooth Cake - Set of 50 -  Dental Birthday Cards
D198D-Y,Dental Birthday - Set of 50 -  Dental Birthday Cards
D2023U-Y,Safari - Set of 50 -  Children's Birthday Cards
D2057D-Y,Father's Day Ties - Set of 50 -  Father's Day Cards
D2059D-Y,Cheerful Thoughts - Set of 50 -  Thinking of You Cards
D2065D-Y,News Stand - Set of 50 -  Name in the News Cards
D2068U-Y,Spring Butterfly - Set of 50 -  Spring Greeting Cards
D2069U-Y,Birthday Bandage - Set of 50 -  Medical Birthday Cards
D2070U-Y,Medical Balloons - Set of 50 -  Medical Birthday Cards
D2072D-Y,Bundle of Joy - Set of 50 -  New Baby Congratulations Cards
D2078D-Y,Team Welcome - Set of 50 -  Employee Welcome Cards
D2087U-4W,Balloon Flight Logo Card - Set of 50 -  Logo Birthday Cards
D2088U-4W,Confetti Cake Logo Card - Set of 50 -  Logo Birthday Cards
D2089U-V,Festive Party Name Card - Set of 50 -  Logo Birthday Cards
D2090U-V,Balloons Name Card - Set of 50 -  Logo Birthday Cards
D2091U-V,Nature's Graphics Logo Card - Set of 50 -  Logo Birthday Cards
D2092U-V,Birthday Stars Name Card - Set of 50 -  Logo Birthday Cards
D2093U-V,Rustic Birthday Logo Card - Set of 50 -  Logo Birthday Cards
D2094U-V,Happy Birthday Logo Card - Set of 50 -  Logo Birthday Cards
D2096U-V,Cupcake Logo Card - Set of 50 -  Logo Birthday Cards
D2097U-V,Hard Hat Logo Card - Set of 50 -  Construction Birthday Cards
D2098D-V,Construction Logo Card - Set of 50 -  Construction Birthday Cards
D2099D-Y,Star Wave - Set of 50 -  Employee Congratulations Cards
D2100D-Y,Bright Stars - Set of 50 -  Employee Thank You Cards
D2101D-Y,Light Blue Stars - Set of 50 -  Employee Thank You Cards
D2102D-Y,YAY Red - Set of 50 -  Employee Congratulations Cards
D2103D-Y,YAY Blue - Set of 50 -  Employee Congratulations Cards
D2117L-B,Maple Woods Letterhead - Set of 50 -  Thanksgiving Letterhead
D2118U-A,Warm Thanks - Set of 50 -  Business Thanksgiving Cards
D2119U-A,Retro Tree - Set of 50 -  Business Thanksgiving Cards
D2120U-4B,Bounty Logo Card - Set of 50 -  Logo Thanksgiving Cards
D2121U-4B,Leaves Logo Card - Set of 50 -  Logo Thanksgiving Cards
D2122U-4B,Leaf Frame Photo Card - Set of 50 -  Photo Thanksgiving Cards
D2123U-4B,Vibrant Hues Photo Card - Set of 50 -  Photo Thanksgiving Cards
D2124U-4B,Autumn Splendor Photo Card - Set of 50 -  Photo Thanksgiving Cards
D2211U-4A,Greetings of the Season Logo/Name Card - Set of 50 -  Logo Holiday Cards
D2212U-4B,Blue Ornaments Logo Card - Set of 50 -  Logo Holiday Cards
D2213U-A,Holiday Tools - Set of 50 -  Construction Holiday Cards
D2214U-A,Christmas Construction - Set of 50 -  Construction Holiday Cards
D2215U-A,Medical Happy Holidays - Set of 50 -  Medical Holiday Cards
D2216U-A,Holiday Bandage - Set of 50 -  Medical Holiday Cards
D2217U-A,Holiday Rx - Set of 50 -  Medical Holiday Cards
D2218D-A,Medical Joy - Set of 50 -  Medical Holiday Cards
D2219D-A,Dental Holiday - Set of 50 -  Dental Holiday Cards
D2220D-A,Hanukkah Dreidels - Set of 50 -  Jewish Holiday Cards
D2221P-BB,Holiday Treats Postcard - Set of 50 -  Dental Holiday Cards
D2222U-A,Happy Hanukkah - Set of 50 -  Jewish Holiday Cards
D2223R-Y,Chinese New Year - Set of 50 -  Chinese New Year Cards
D2224R-Y,Chinese Lantern New Year - Set of 50 -  Chinese New Year Cards
D3030U-Y,Under the Sea - Set of 50 -  Children's Birthday Cards
D3051D-Y,Easter Basket - Set of 50 -  Easter Cards
D3052U-Y,Summer Dreams - Set of 50 -  Happy Summer Cards
D3053U-Y,Spring Morning - Set of 50 -  Spring Greeting Cards
D3065U-Y,Retirement Dreams - Set of 50 -  Employee Retirement Cards
D3066U-Y,Welcome Flourish - Set of 50 -  Employee Welcome Cards
D3068D-Y,Thinking of You Garden - Set of 50 -  Thinking of You Cards
D3073D-Y,Tiny Feet - Set of 50 -  New Baby Congratulations Cards
D3074D-V,Welcome Stripes - Set of 50 -  Employee Welcome Cards
D3075D-V,Thank You Stripes - Set of 50 -  Business Thank You Cards
D3076D-V,Congratulations Stripes - Set of 50 -  Employee Congratulations Cards
D3077D-Y,Look Who Made the News - Set of 50 -  Name in the News Cards
D3078D-Y,Canada Day Leaf - Set of 50 -  Canada Day Cards
D3081U-Y,Birthday Cleaning - Set of 50 -  Dental Birthday Cards
D3082U-V,Green Medical Logo Card - Set of 50 -  Medical Birthday Cards
D3084U-V,Birthday Zen Logo Card - Set of 50 -  Logo Birthday Cards
D3085U-V,Mountain Lake Logo Card - Set of 50 -  Logo Birthday Cards
D3086U-V,Blue Skies Logo Card - Set of 50 -  Logo Birthday Cards
D3087U-V,Green Leaves Logo Card - Set of 50 -  Logo Birthday Cards
D3088U-V,House Logo Card - Set of 50 -  Logo Birthday Cards
D3089U-V,Blue Medical Logo Card - Set of 50 -  Medical Birthday Cards
D3090U-V,Pink Medical Logo Card - Set of 50 -  Medical Birthday Cards
D3110L-B,Pumpkin Letterhead - Set of 50 -  Thanksgiving Letterhead
D3113U-4B,Thanksgiving Greetings Photo Card - Set of 50 -  Photo Thanksgiving Cards
D3114U-4B,Orange Border Logo Card - Set of 50 -  Logo Thanksgiving Cards
D3115U-4B,Classic Pattern Photo Card - Set of 50 -  Photo Thanksgiving Cards
D3116U-4B,Brown Pattern Photo Card - Set of 50 -  Photo Thanksgiving Cards
D3185U-A,Santa Builder - Set of 50 -  Construction Holiday Cards
D3192U-A,Gift of Health - Set of 50 -  Medical Holiday Cards
D3193U-A,Dental Stocking - Set of 50 -  Dental Holiday Cards
D3194U-A,High Tech Holiday - Set of 50 -  Business Holiday Cards
D3195U-4B,Holiday Dots Horizontal Photo Card - Set of 50 -  Photo Holiday Cards
D3196U-4B,Holiday Dots Vertical Photo Card - Set of 50 -  Photo Holiday Cards
D3197U-4B,Blue Border Photo Card - Set of 50 -  Photo Holiday Cards
D3198U-4B,Holiday Present Logo Card - Set of 50 -  Logo Holiday Cards
D3199U-4B,Luminous Candles Logo Card - Set of 50 -  Logo Holiday Cards
D3200U-4A,Silver Tinsel Logo Card - Set of 50 -  Logo Holiday Cards
D3201U-4B,Stripes and Snowflakes Photo Card - Set of 50 -  Photo Holiday Cards
D3202U-4B,Red Border Photo Card - Set of 50 -  Photo Holiday Cards
D3203U-4B,Snowy Ornaments Logo Card - Set of 50 -  Logo Holiday Cards
D3204U-4B,Sledding Logo Card - Set of 50 -  Logo Holiday Cards
D4068U-Y,Floral Meadows - Set of 50 -  Spring Greeting Cards
D4069U-Y,Easter Egg Patterns - Set of 50 -  Easter Cards
D4070U-Y,Retro Valentine - Set of 50 -  Valentine's Day Cards
D4071U-Y,Halloween Stripes - Set of 50 -  Halloween Cards
D4072D-Y,Celtic Patterns - Set of 50 -  St. Patrick's Day Cards
D4073D-Y,Earth Day Bliss - Set of 50 -  Earth Day Cards
D4074D-Y,Sweetest New Year - Set of 50 -  Jewish Holiday Cards
D4075D-Y,Armed Services Thank You - Set of 50 -  Veteran's Day Cards
D4076D-Y,Celebrate Freedom - Set of 50 -  4th of July Cards
D4077D-Y,Memorial Day - Set of 50 -  Memorial Day Cards
D4078D-Y,Patriotic Tribute - Set of 50 -  Veteran's Day Cards
D4079U-Y,Happy Harvest - Set of 50 -  Fall Greeting Cards
D4080D-Y,Floating Leaf - Set of 50 -  Fall Greeting Cards
D4081D-Y,Flip Flops - Set of 50 -  Summer Greeting Cards
D4082D-Y,Summer Fun - Set of 50 -  Summer Greeting Cards
D4083D-Y,Refreshing Summer - Set of 50 -  Summer Greeting Cards
D4084U-Y,Patterned Mother's Day - Set of 50 -  Mother's Day Cards
D4085U-Y,Bright Floral Mother's Day - Set of 50 -  Mother's Day Cards
D4086U-Y,57 Plymouth Father's Day - Set of 50 -  Father's Day Cards
D4087U-Y,We Love Our Customers Retro - Set of 50 -  Valentine's Day Cards
D4088D-V,Red Hearts Logo Card - Set of 50 -  Valentine's Day Cards
D4089D-V,Hearts Logo Cards - Set of 50 -  Valentine's Day Cards
D4090D-Y,We're Lucky to Have You - Set of 50 -  St. Patrick's Day Cards
D4091D-V,Eggceptional Logo Card - Set of 50 -  Easter Cards
D4092D-Y,Good Egg - Set of 50 -  Easter Cards
D4093D-Y,Celebrating Our Customers - Set of 50 -  4th of July Cards
D4094D-Y,Dying to Say Thanks - Set of 50 -  Halloween Cards
D4095U-Y,We Want Your Business - Set of 50 -  Halloween Cards
D4096U-Y,Dental Party - Set of 50 -  Dental Birthday Cards
D4097U-Y,Happy Teeth - Set of 50 -  Dental Birthday Cards
D4098D-Y,Retro Dental - Set of 50 -  Dental Birthday Cards
D4099U-Y,Birthday Script - Set of 50 -  Medical Birthday Cards
D4100D-Y,Bright Get Well - Set of 50 -  Get Well Cards
D4101D-Y,Get Well Floral - Set of 50 -  Get Well Cards
D4103D-Y,News Flapper - Set of 50 -  Name in the News Cards
D4104D-Y,News Flash - Set of 50 -  Name in the News Cards
D4105U-Y,Birthday Zone Construction - Set of 50 -  Construction Birthday Cards
D4106U-Y,Dozer Surprise - Set of 50 -  Construction Birthday Cards
D4107U-V,Custom Anniversary - Set of 50 -  Employee Anniversary Cards
D4109U-V,Marquee Logo Card - Set of 50 -  Logo Birthday Cards
D4110U-V,Travel Logo Card - Set of 50 -  Logo Birthday Cards
D4111D-Y,Thinking of You Fields - Set of 50 -  Thinking of You Cards
D4112D-Y,Thinking of You Birds - Set of 50 -  Thinking of You Cards
D4113D-Y,Thinking of You Floral - Set of 50 -  Thinking of You Cards
D4114D-Y,Gratitude - Set of 50 -  Business Thank You Cards
D4115U-V,Colorful Dots Logo Card - Set of 50 -  Logo Birthday Cards
D4116D-V,Retro Monogram - Set of 50 -  Monogram Note Cards
D4117D-V,Greek Key Monogram - Set of 50 -  Monogram Note Cards
D4118D-V,Contemporary Monogram - Set of 50 -  Monogram Note Cards
D4119D-V,Circle Pattern Monogram - Set of 50 -  Monogram Note Cards
D4120D-V,Watercolor Leaves Monogram - Set of 50 -  Monogram Note Cards
D4121D-V,Stylish Grey Monogram - Set of 50 -  Monogram Note Cards
D4143L-B,Autumn Still Life Letterhead - Set of 50 -  Thanksgiving Letterhead
D4144U-4B,Rustic Candle Logo Card - Set of 50 -  Logo Thanksgiving Cards
D4145U-4B,Thanksgiving Wreath Logo Card - Set of 50 -  Logo Thanksgiving Cards
D4146D-4B,Watercolor Branch Logo Card - Set of 50 -  Logo Thanksgiving Cards
D4186U-V,Diamond Photo/Logo Card - Set of 50 -  Photo Birthday Cards
D4187U-V,Diamond Photo Card - Set of 50 -  Photo Birthday Cards
D4188U-V,Butterfly Garden Photo Card - Set of 50 -  Photo Birthday Cards
D4189U-V,Red Dots Photo Card - Set of 50 -  Photo Birthday Cards
D4190U-V,Squares Photo Card - Set of 50 -  Photo Birthday Cards
D4191U-V,Confetti Party Photo Card - Set of 50 -  Photo Birthday Cards
D4192U-V,Pop Art Photo Card - Set of 50 -  Photo Birthday Cards
D4193U-V,Party Balloons Photo Card - Set of 50 -  Photo Birthday Cards
D4194U-V,Bright Balloons Photo Card - Set of 50 -  Photo Birthday Cards
D4195U-V,Birthday Banner Photo Card - Set of 50 -  Photo Birthday Cards
D4196U-V,Red Dots Photo/Logo Card - Set of 50 -  Photo Birthday Cards
D4197U-V,Party Balloons Photo/Logo Card - Set of 50 -  Photo Birthday Cards
D4198U-V,Pop Art Photo/Logo Card - Set of 50 -  Photo Birthday Cards
D4247D-A,Star of David Hanukkah - Set of 50 -  Jewish Holiday Cards
D4248U-4A,Holiday Wreath Logo Card - Set of 50 -  Logo Holiday Cards
D4249U-4A,Whimsical Christmas Logo Card - Set of 50 -  Logo Holiday Cards
D4250U-4B,Snow Swirls Logo Card - Set of 50 -  Logo Holiday Cards
D4251U-4B,Christmas Icons Logo Card - Set of 50 -  Logo Holiday Cards
D4252U-4B,Winter White Logo Card - Set of 50 -  Logo Holiday Cards
D4253U-A,Bulldog Greetings - Set of 50 -  Business Holiday Cards
D4254U-4B,Retro Holidays Photo Card - Set of 50 -  Photo Holiday Cards
D4255U-4B,Red Stripes Photo/Logo Card - Set of 50 -  Photo Holiday Cards
D4256U-4B,Red Bow Logo Card - Set of 50 -  Logo Holiday Cards
D5036U-V,Stock Market Logo Card - Set of 50 -  Financial Birthday Cards
D5040D-Y,Chinese Cupcake - Set of 50 -  Chinese Birthday Cards
D5054D-Y,Get Well Paper Plane - Set of 50 -  Get Well Cards
D5055D-Y,We Miss You Paper Plane - Set of 50 -  Thinking of You Cards
D5058D-Y,Tying the Knot - Set of 50 -  Wedding Congratulations Cards
D5059U-Y,Welcome New Baby - Set of 50 -  New Baby Congratulations Cards
D5060U-Y,Modern Earth - Set of 50 -  Earth Day Cards
D5063D-Y,Today's Your Day - Set of 50 -  Graduation Congratulations Cards
D5077U-V,Welcome Aboard Logo Card - Set of 50 -  Employee Welcome Cards
D5079U-Y,American Pie - Set of 50 -  Memorial Day Cards
D5080U-Y,Great Memorial Day - Set of 50 -  Memorial Day Cards
D5081D-Y,Flag Banner - Set of 50 -  Memorial Day Cards
D5082D-Y,Memorial Day Picnic - Set of 50 -  Memorial Day Cards
D5084U-Y,Veteran's Day Heroes - Set of 50 -  Veteran's Day Cards
D5085U-Y,Happy Canada Day - Set of 50 -  Canada Day Cards
D5087D-Y,Mardi Gras Mask - Set of 50 -  Mardi Gras Cards
D5088D-Y,Happy Mardi Gras - Set of 50 -  Mardi Gras Cards
D5089D-Y,Fall Back Red Leaf - Set of 50 -  Time Change Cards
D5090D-Y,Fall Back Trees - Set of 50 -  Time Change Cards
D5091D-Y,Fall Back Arrow - Set of 50 -  Time Change Cards
D5092D-Y,Spring Forward Flowers - Set of 50 -  Time Change Cards
D5093D-Y,Spring Ahead - Set of 50 -  Time Change Cards
D5094D-Y,Daisy Dials - Set of 50 -  Time Change Cards
D5096D-Y,Beach Retirement - Set of 50 -  Employee Retirement Cards
D5097U-Y,Feliz Cinco de Mayo - Set of 50 -  Cinco de Mayo Cards
D5098D-Y,Cinco de Mayo Pattern - Set of 50 -  Cinco de Mayo Cards
D5099D-Y,Mexican Flag - Set of 50 -  Cinco de Mayo Cards
D5119L-B,Farm Letterhead - Set of 50 -  Thanksgiving Letterhead
D5120P-BB,Graphic Thanksgiving Postcard - Set of 50 -  Thanksgiving PostCards
D5123U-4B,Falling Leaf Border Logo Card - Set of 50 -  Logo Thanksgiving Cards
D5124U-4B,Potted Plant Logo Card - Set of 50 -  Logo Thanksgiving Cards
D5208P-BB,Three Trees Postcard - Set of 50 -  Holiday PostCards
D5209U-A,Believe - Set of 50 -  Business Holiday Cards
D5210U-A,Hanukkah Star - Set of 50 -  Jewish Holiday Cards
D5212U-4B,Starry Night Logo Card - Set of 50 -  Logo Holiday Cards
D5213U-4B,Knit Pattern Logo Card - Set of 50 -  Logo Holiday Cards
D550T-Z,In the News - Set of 50 -  Name in the News Cards
D551D-Y,Open Road Notecard - Set of 50 -  Business Note Cards
D553D-Y,Patriotic Notecard - Set of 50 -  Business Note Cards
D6043U-Y,Colorful Hearts - Set of 50 -  Valentine's Day Cards
D6044D-Y,Banner Valentine - Set of 50 -  Valentine's Day Cards
D6047D-Y,Luck of the Irish - Set of 50 -  St. Patrick's Day Cards
D6095Q-4B,Executive Magnetic Mini Calendar (Set of 50)
D6096Q-4B,Mountain Magnetic Mini Calendar (Set of 50)
D6097Q-4B,Tulips Magnetic Mini Calendar (Set of 50)
D6098Q-4B,Chevron Magnetic Mini Calendar (Set of 50)
D6100U-AA,Urban Abstract Calendar Cards (Set of 50)
D6101U-AA,Dramatic Mountain Calendar Cards (Set of 50)
D6102U-AA,Chalkboard Calendar Cards (Set of 50)
D6103U-AA,Stock Market Calendar Cards (Set of 50)
D6104U-AA,O Canada Calendar Cards (Set of 50)
D6105U-AA,Golf Calendar Cards (Set of 50)
D6106U-4A,Blue Waters Logo Calendar Cards (Set of 50)
D6107U-4A,Sunset Field Logo Calendar Cards (Set of 50)
D6108U-4A,Graphic Flower Logo Calendar Cards (Set of 50)
D6109U-4A,Modern Logo Calendar Cards (Set of 50)
D6110U-4A,American Flag Logo Calendar Cards (Set of 50)
D6111U-4A,Blue Frame Photo Calendar Cards (Set of 50)
D6112U-4A,Corporate Photo Calendar Cards (Set of 50)
D6113U-4A,Grey Photo Calendar Cards (Set of 50)
D6114U-4A,Stripe Border Photo Calendar Cards (Set of 50)
D6115U-4A,Swirl Photo Calendar Cards (Set of 50)
D6116U-4A,Red Damask Photo Calendar Cards (Set of 50)
D6117U-4A,Pattern Photo Calendar Cards (Set of 50)
D6118Q-B,Executive Mini Calendar (Set of 50)
D6119Q-B,Mountain Mini Calendar (Set of 50)
D6120Q-B,Tulips Mini Calendar (Set of 50)
D6121Q-B,Chevron Mini Calendar (Set of 50)
D6168U-A,Nutcracker - Set of 50 -  Business Holiday Cards
D6169U-A,Feliz Navidad - Set of 50 -  Spanish Holiday Cards
D6170D-A,Happy Howlidays - Set of 50 -  Business Holiday Cards
D6171L-4A,Shining Star Logo Card - Set of 50 -  Custom Holiday Cards
D6172U-4A,Snowflake Logo Card - Set of 50 -  Custom Holiday Cards
D6173U-4A,Retro Christmas Logo Card - Set of 50 -  Custom Christmas Cards
D6174U-4B,Winter Timbers Logo Card - Set of 50 -  Custom Holiday Cards
D6185U-A,Happy 2017 - Set of 50 -  Business New Year's Cards
D649D-Y,St. Patrick's Day - Set of 50 -  St. Patrick's Day Cards
D732D-Y,Feliz Cumpleanos - Set of 50 -  Spanish Birthday Cards
D751U-Y,Balloon Congratulations - Set of 50 -  Congratulations Cards
D752D-Y,Thinking of You Floral - Set of 50 -  Thinking of You Cards
D757D-Y,You're in the News - Set of 50 -  Name in the News Cards
D761T-Z,Appointment Thank You/Reminder - Set of 50 -  Thank You PostCards
D833U-Y,Wall Street - Set of 50 -  Financial Birthday Cards
D8564D-A,Scuba Santa - Set of 50 -  Travel Holiday Cards
D862D-Y,St. Patrick's Day - Set of 50 -  St. Patrick's Day Cards
D863D-Y,House - Set of 50 -  Real Estate Congratulations Cards
D867U-Y,Halloween - Set of 50 -  Halloween Cards
D926U-Y,Bull & Bear - Set of 50 -  Financial Birthday Cards
D966D-Y,Valentine Hearts - Set of 50 -  Valentine's Day Cards
DX00U-4B,Snow Scene Logo Card - Set of 50 -  Logo Holiday Cards
DX01U-4B,Ornament Logo Card - Set of 50 -  Logo Holiday Cards
DX02U-4B,Holiday Stars Custom Logo Card - Set of 50 -  Logo Holiday Cards
DX03U-4B,Snowflake Custom Card - Set of 50 -  Logo Holiday Cards
DX35U-4B,Bronzed Elegance Photo Card - Set of 50 -  Photo Thanksgiving Cards
DX36U-4B,Mossy Traditions Photo Card - Set of 50 -  Photo Thanksgiving Cards
DX37U-4B,Classic Amber Photo Card - Set of 50 -  Photo Thanksgiving Cards
DX38U-4B,Autumn Foliage Photo Card - Set of 50 -  Horizontal 
DX39U-4B,Autumn Foliage Photo Card - Set of 50 -  Vertical 
DX40U-4B,Fall Colors Logo Card - Set of 50 -  Logo Thanksgiving Cards
DX41U-4B,Rustic Fence Logo Card - Set of 50 -  Logo Thanksgiving Cards
DX42U-4B,Autumn Reflections Logo Card - Set of 50 -  Logo Thanksgiving Cards
DX43U-4B,Golden Path Logo Card - Set of 50 -  Logo Thanksgiving Cards
DX50D-Y,St. Patrick's Wishes - Set of 50 -  St. Patrick's Day Cards
DX55D-Y,Baby Stroller - Set of 50 -  New Baby Congratulations Cards
DX581D-A,Holiday Car - Set of 50 -  Automotive Holiday Cards
DX61U-Y,Scenic Pond - Set of 50 -  Business Note Cards
DX94U-4B,Season's Greetings Photo Card - Set of 50 -  Photo Holiday Cards
DX95U-4B,Holiday Stripes Photo Card - Set of 50 -  Photo Holiday Cards
DX96U-4B,Stripes and Holly Photo Card - Set of 50 -  Photo Holiday Cards
DX97U-4B,Traditional Holiday Photo Card - Set of 50 -  Photo Holiday Cards
DX98U-4B,Merry Christmas Photo Card - Set of 50 -  Photo Holiday Cards
DX99U-4B,Snowflake Logo Card - Set of 50 -  Logo Holiday Cards
H1227U-AA,Thanksgiving Farm - Set of 50 -  Business Thanksgiving Cards
H1229U-A,Happy Harvest - Set of 50 -  Business Thanksgiving Cards
H1230U-A,Wheat Field - Set of 50 -  Business Thanksgiving Cards
H1232D-A,Thanksgiving Beauty - Set of 50 -  Business Thanksgiving Cards
H1233T-B,Graphic Tree - Set of 50 -  Business Thanksgiving Cards
H1234P-BB,Seasonal Icons Postcard - Set of 50 -  Thanksgiving PostCards
H1235P-BB,Fallen Leaves Postcard - Set of 50 -  Thanksgiving PostCards
H1241KW-AA,Happy Thanksgiving - Set of 50 -  Recycled Thanksgiving Cards
H1270S-4A,Silver Reflection - Set of 50 -  Upscale Holiday Cards
H1271S-4A,Shimmering Wreath - Set of 50 -  Business Holiday Cards
H1272G-4A,Christmas Trees - Set of 50 -  Business Christmas Cards
H1273G-AAA,Argyle Christmas - Set of 50 -  Business Christmas Cards
H1280S-AAA,Star Light - Set of 50 -  Patriotic Holiday Cards
H1281G-AAA,Winter Day - Set of 50 -  Home Theme Holiday Cards
H1287U-AA,Peace for All Nations - Set of 50 -  International Holiday Cards
H1289U-AA,Holiday Tradition - Set of 50 -  Home Theme Holiday Cards
H1291U-AA,Golden Gate Greetings - Set of 50 -  Scenic Holiday Cards
H1293U-AA,Winter Farm - Set of 50 -  Scenic Holiday Cards
H1295U-AA,Holiday Construction - Set of 50 -  Construction Holiday Cards
H1296U-AA,Season's Medical - Set of 50 -  Medical Holiday Cards
H1297U-AA,Red Bow Wreath - Set of 50 -  Business Holiday Cards
H1298U-AA,Winter Frost - Set of 50 -  Business Holiday Cards
H1299U-AA,Financial Wreath - Set of 50 -  Financial Holiday Cards
H1300U-AA,Behold the Lamb - Set of 50 -  Religious Christmas Cards
H1301U-AA,Toothbrush Tree - Set of 50 -  Dental Holiday Cards
H1304D-AA,Holiday Thank You - Set of 50 -  Recycled Holiday Cards
H1307U-A,Silent Night - Set of 50 -  Business Christmas Cards
H1308U-A,Christmas Star - Set of 50 -  Business Christmas Cards
H1311U-A,Classic Car Greetings - Set of 50 -  Automotive Holiday Cards
H1313U-A,Dental Happy Holidays - Set of 50 -  Dental Holiday Cards
H1315U-A,Elegant Door - Set of 50 -  Home Theme Holiday Cards
H1316U-A,Tooth Ornaments - Set of 50 -  Dental Holiday Cards
H1317U-A,Vital Seasons - Set of 50 -  Medical Holiday Cards
H1318D-A,Winter Magic Thank You - Set of 50 -  Holiday Thank You Cards
H1319D-A,Tree Construction - Set of 50 -  Construction Holiday Cards
H1320D-A,Holiday Stethoscopes - Set of 50 -  Medical Holiday Cards
H1321L-A,Holly Policy - Set of 50 -  Insurance Holiday Cards
H1322T-B,Snowy Sentiments - Set of 50 -  Business Holiday Cards
H1324KW-AA,Holiday Icicles - Set of 50 -  Scenic Holiday Cards
H1325KW-AA,Birch Perch - Set of 50 -  Recycled Holiday Cards
H1326KW-AA,Green Frog - Set of 50 -  Recycled Holiday Cards
H1327KW-AA,Green Holiday Thank You - Set of 50 -  Recycled Holiday Cards
H1328KW-AA,Recycle Greetings - Set of 50 -  Recycled Holiday Cards
H1330L-AA,Merry Christmas - Set of 50 -  Business Christmas Cards
H1331L-AA,Holiday Snowman - Set of 50 -  Business Christmas Cards
H1332L-A,Classic Greetings - Set of 50 -  Business Holiday Cards
H2105G-AAA,Colorful Timbers Business Thanks - Set of 50 -  Business Thanksgiving Cards
H2107G-AAA,Autumn Radiance - Set of 50 -  Business Thanksgiving Cards
H2109U-AA,Sweet Autumn - Set of 50 -  Business Thanksgiving Cards
H2112U-A,Translucent Leaves - Set of 50 -  Business Thanksgiving Cards
H2115P-BB,Season's Colors Postcard - Set of 50 -  Thanksgiving PostCards
H2116KW-AA,Swirling Leaves - Set of 50 -  Recycled Thanksgiving Cards
H2171S-AAA,Sunset Barn - Set of 50 -  Scenic Holiday Cards
H2173S-AAA,Glistening Christmas - Set of 50 -  Business Christmas Cards
H2174G-AAA,Holiday Lights - Set of 50 -  Home Theme Holiday Cards
H2175G-AAA,Christmas Reflections - Set of 50 -  Business Christmas Cards
H2176G-AAA,Peace - Set of 50 -  International Holiday Cards
H2177G-AAA,Frosted Evergreens - Set of 50 -  Scenic Holiday Cards
H2180U-AA,Patriotic Package - Set of 50 -  Patriotic Holiday Cards
H2182U-AA,Red Berry Wreath - Set of 50 -  Business Holiday Cards
H2186U-AA,Patriotic Wreath - Set of 50 -  Patriotic Holiday Cards
H2187U-AA,Wall Street Sparkle - Set of 50 -  Financial Holiday Cards
H2188U-AA,Island Holiday - Set of 50 -  Travel Holiday Cards
H2189U-AA,Fairlane Christmas - Set of 50 -  Automotive Holiday Cards
H2190U-AA,New Year Surprise - Set of 50 -  New Year's Cards
H2191U-AA,Christmas Home - Set of 50 -  Home Theme Holiday Cards
H2192U-AA,Holiday Welcome - Set of 50 -  Business Christmas Cards
H2193U-AA,Wall Street Columns - Set of 50 -  Financial Holiday Cards
H2194U-AA,Holiday Highway - Set of 50 -  Auto Holiday Cards
H2195U-AA,United World - Set of 50 -  International Holiday Cards
H2196D-AA,Snow Covered Slope - Set of 50 -  Scenic Holiday Cards
H2197D-AA,New Year Reflections - Set of 50 -  New Year's Cards
H2202U-A,Holiday Star Garland - Set of 50 -  Patriotic Holiday Cards
H2203U-A,Star Dance - Set of 50 -  Travel Holiday Cards
H2204L-A,North Pole Policy - Set of 50 -  Financial Holiday Cards
H2206P-BB,Christmas Bells Postcard - Set of 50 -  Holiday PostCards
H2208KW-AA,Green Forest - Set of 50 -  Recycled Holiday Cards
H2209KW-AA,Joy - Set of 50 -  International Holiday Cards
H2210KW-AA,Nature's Christmas - Set of 50 -  Recycled Holiday Cards
H2228G-4A,Holiday Snowflake - Set of 50 -  Business Holiday Cards
H3094G-AAA,Classic Thanksgiving - Set of 50 -  Business Thanksgiving Cards
H3096G-AAA,Colorful Stream - Set of 50 -  Business Thanksgiving Cards
H3098U-AA,Thanksgiving Memories - Set of 50 -  Business Thanksgiving Cards
H3099U-AA,Watercolor Barn - Set of 50 -  Business Thanksgiving Cards
H3100U-AA,Autumn Still Life - Set of 50 -  Business Thanksgiving Cards
H3101U-AA,Timberland Path - Set of 50 -  Business Thanksgiving Cards
H3102U-AA,Thanksgiving Psalm - Set of 50 -  Business Thanksgiving Cards
H3103U-A,Autumn Whimsy - Set of 50 -  Business Thanksgiving Cards
H3106D-A,Rustling Leaves - Set of 50 -  Business Thanksgiving Cards
H3107KW-AA,Bright Leaves - Set of 50 -  Recycled Thanksgiving Cards
H3108KW-AA,Give Thanks - Set of 50 -  Recycled Thanksgiving Cards
H3111T-B,Watercolor Leaves - Set of 50 -  Business Thanksgiving Cards
H3142G-4A,Golden Pinecones - Set of 50 -  Business Christmas Cards
H3143G-4A,Golden Greetings - Set of 50 -  Business Holiday Cards
H3144G-4A,Snowflake Wreath - Set of 50 -  Business Christmas Cards
H3149G-AAA,Home for the Holidays - Set of 50 -  Home Theme Holiday Cards
H3150G-AAA,Contemporary Gift - Set of 50 -  Business Holiday Cards
H3151S-AAA,Star Wreath - Set of 50 -  Patriotic Holiday Cards
H3152G-AAA,Patterned Christmas - Set of 50 -  Business Christmas Cards
H3153S-AAA,Holiday Reindeer - Set of 50 -  Business Holiday Cards
H3155G-AAA,Christmas Lights - Set of 50 -  Business Christmas Cards
H3156G-AAA,Christmas Decor - Set of 50 -  Business Christmas Cards
H3159U-AA,Snowy Bend - Set of 50 -  Scenic Holiday Cards
H3161U-AA,Christmas Candle - Set of 50 -  Business Christmas Cards
H3162U-AA,Snowflake Pattern - Set of 50 -  Business Christmas Cards
H3165U-AA,Snowy Hills - Set of 50 -  Scenic Holiday Cards
H3168U-AA,Holiday Drive - Set of 50 -  Automotive Holiday Cards
H3169U-AA,Seasonal Success - Set of 50 -  Financial Holiday Cards
H3170U-AA,Tropical Wishes - Set of 50 -  Travel Holiday Cards
H3171U-AA,Greetings on the Go - Set of 50 -  Auto Holiday Cards
H3172U-AA,World Holidays - Set of 50 -  International Holiday Cards
H3173U-AA,Falling Snow - Set of 50 -  Business Holiday Cards
H3174U-AA,Delivering Peace - Set of 50 -  International Holiday Cards
H3175U-AA,Holiday Money Tree - Set of 50 -  Financial Holiday Cards
H3176U-AA,O Little Town - Set of 50 -  Business Christmas Cards
H3177D-AA,New Year Blocks - Set of 50 -  New Year's Cards
H3178D-AA,Patriotic Peppermint - Set of 50 -  Patriotic Holiday Cards
H3179L-AA,Snowflake Policy - Set of 50 -  Insurance Holiday Cards
H3180U-A,Snowy Ornaments - Set of 50 -  Business Holiday Cards
H3182U-A,Season's Treats - Set of 50 -  Business Christmas Cards
H3184U-A,Santa's Ride - Set of 50 -  Travel Holiday Cards
H3187KW-AA,Simple Snowflake - Set of 50 -  Recycled Holiday Cards
H3188T-B,Holiday Cardinal - Business Mini Calendars (Set of 50)
H3189P-BB,Whimsical Tree Postcard - Set of 50 -  Holiday PostCards
H4122S-AAA,Silver Autumn - Set of 50 -  Business Thanksgiving Cards
H4123G-AAA,Bountiful Thanksgiving - Set of 50 -  Business Thanksgiving Cards
H4125G-AAA,American Farm - Set of 50 -  Business Thanksgiving Cards
H4128G-AAA,Colorful Reflections - Set of 50 -  Business Thanksgiving Cards
H4129U-AA,Autumn Travels - Set of 50 -  Business Thanksgiving Cards
H4130U-AA,Peaceful Trees - Set of 50 -  Business Thanksgiving Cards
H4132U-AA,Silver Falls Thanksgiving - Set of 50 -  Business Thanksgiving Cards
H4133U-AA,Barn Door Wreath - Set of 50 -  Business Thanksgiving Cards
H4134U-AA,Autumn in Stowe - Set of 50 -  Business Thanksgiving Cards
H4135U-AA,Autumn Sentiments - Set of 50 -  Business Thanksgiving Cards
H4136U-A,Elegant Gathering - Set of 50 -  Business Thanksgiving Cards
H4137U-A,Graphic Leaves - Set of 50 -  Business Thanksgiving Cards
H4139T-B,Pumpkin Pie - Set of 50 -  Business Thanksgiving Cards
H4140KW-AA,Thank You Branch - Set of 50 -  Recycled Thanksgiving Cards
H4141KW-AA,Sunlit Timber - Set of 50 -  Recycled Thanksgiving Cards
H4199G-4A,Dazzling Ornaments - Set of 50 -  Business Holiday Cards
H4200S-4A,Classic Christmas - Set of 50 -  Business Christmas Cards
H4201S-AAA,Mountain View Greetings - Set of 50 -  Scenic Holiday Cards
H4202S-AAA,Sparkling Pine - Set of 50 -  Business Holiday Cards
H4207G-AAA,Ornate Holiday - Set of 50 -  Business Holiday Cards
H4208S-AAA,Silver Sleigh - Set of 50 -  Business Holiday Cards
H4209S-AAA,Patriotic Snowflake - Set of 50 -  Patriotic Holiday Cards
H4210G-AAA,Holiday Mantel - Set of 50 -  Home Theme Holiday Cards
H4212S-AAA,Shimmering Winter - Set of 50 -  Business Holiday Cards
H4213U-AA,Pine Tree Path - Set of 50 -  Business Christmas Cards
H4214U-AA,Snow Home - Set of 50 -  Scenic Holiday Cards
H4215U-AA,Winter Village - Set of 50 -  Scenic Holiday Cards
H4216U-AA,Snow Drift - Set of 50 -  Business Holiday Cards
H4217U-AA,Perfect Poinsettia - Set of 50 -  Business Holiday Cards
H4218U-AA,Patriotic Wishes - Set of 50 -  Patriotic Holiday Cards
H4219U-AA,Wall Street Lights - Set of 50 -  Financial Holiday Cards
H4220U-AA,Money Baubles - Set of 50 -  Financial Holiday Cards
H4221U-AA,Snow Tires - Set of 50 -  Automotive Holiday Cards
H4223U-AA,Red Berry Branch - Set of 50 -  Business Holiday Cards
H4224U-AA,Christmas Eve - Set of 50 -  Business Christmas Cards
H4226U-AA,Holiday Treats - Set of 50 -  Business Holiday Cards
H4228U-AA,International Christmas - Set of 50 -  International Holiday Cards
H4230U-AA,Beach Stocking - Set of 50 -  Travel Holiday Cards
H4231U-AA,In a Manger - Set of 50 -  Religious Christmas Cards
H4232U-A,Peaceful Path - Set of 50 -  Scenic Holiday Cards
H4233U-A,Happy Happy Holidays - Set of 50 -  Business Holiday Cards
H4234U-A,Reindeer Sentiments - Set of 50 -  Business Christmas Cards
H4235U-A,Making Memories - Set of 50 -  Business Holiday Cards
H4236U-A,Winter Chapel - Set of 50 -  Business Christmas Cards
H4237U-A,Christmas Cascade - Set of 50 -  Business Christmas Cards
H4239U-AA,Bright Tree - Set of 50 -  Business Holiday Cards
H4240L-AA,Cheer Policy - Set of 50 -  Insurance Holiday Cards
H4241P-BB,Candy Cane Postcard - Set of 50 -  Holiday PostCards
H4242T-B,Plaid Tidings - Business Mini Calendars (Set of 50)
H4243KW-AA,Sustainable Christmas - Set of 50 -  Recycled Holiday Cards
H4244KW-AA,Hope Peace Joy - Set of 50 -  Recycled Christmas Cards
H5102G-AAA,Fall Lake Estate - Set of 50 -  Business Thanksgiving Cards
H5103G-AAA,Thank You Stream - Set of 50 -  Business Thanksgiving Cards
H5104G-AAA,Walk in the Woods - Set of 50 -  Business Thanksgiving Cards
H5105G-AAA,Field of Gratitude - Set of 50 -  Business Thanksgiving Cards
H5106G-AAA,Foil Branch - Set of 50 -  Business Thanksgiving Cards
H5107G-AAA,Fruitful Thanksgiving - Set of 50 -  Business Thanksgiving Cards
H5108U-AA,Thanksgiving Wreath - Set of 50 -  Business Thanksgiving Cards
H5109U-AA,Break Bread - Set of 50 -  Business Thanksgiving Cards
H5110U-AA,Turkey Day - Set of 50 -  Business Thanksgiving Cards
H5111D-AA,Elegant Business Thanks - Set of 50 -  Business Thanksgiving Cards
H5112U-AA,Seasonal Mountain - Set of 50 -  Business Thanksgiving Cards
H5113U-AA,Thanksgiving Travels - Set of 50 -  Business Thanksgiving Cards
H5114U-A,Seasonal Table - Set of 50 -  Business Thanksgiving Cards
H5115D-A,Amber Thanks - Set of 50 -  Business Thanksgiving Cards
H5116U-A,Watercolor Fence Line - Set of 50 -  Recycled Thanksgiving Cards
H5117KW-AA,Pumpkin Tree - Set of 50 -  Recycled Thanksgiving Cards
H5118KW-AA,Contemporary Leaves - Set of 50 -  Recycled Thanksgiving Cards
H5121T-B,Seasonal Leaf Border - Set of 50 -  Business Thanksgiving Cards
H5122U-AA,Fall Floral - Set of 50 -  Business Thanksgiving Cards
H5170G-AAA,Nostalgic Snow Day - Set of 50 -  Scenic Holiday Cards
H5171S-AAA,Snowflake Greetings - Set of 50 -  Business Holiday Cards
H5172G-AAA,Traditional Wreath - Set of 50 -  Business Holiday Cards
H5173G-AAA,Christ the King - Set of 50 -  Religious Christmas Cards
H5174G-AAA,Watercolor Holly - Set of 50 -  Business Holiday Cards
H5175G-AAA,Celebration New Year - Set of 50 -  New Year's Cards
H5176G-AAA,Golden Snowflake - Set of 50 -  Business Holiday Cards
H5177G-AAA,Filigree Joy - Set of 50 -  Business Holiday Cards
H5178S-AAA,Let It Snow - Set of 50 -  Business Holiday Cards
H5179G-AAA,Winter Cabin - Set of 50 -  Home Theme Holiday Cards
H5180S-AAA,Snowflake Tree - Set of 50 -  Business Holiday Cards
H5181S-AAA,Stock Exchange Greetings - Set of 50 -  Financial Holiday Cards
H5182S-AAA,Snow Tracks - Set of 50 -  Automotive Holiday Cards
H5183G-AAA,Golden Ornaments - Set of 50 -  Scenic Holiday Cards
H5184S-AAA,Misty Trees - Set of 50 -  Scenic Holiday Cards
H5185U-AA,Sparkle Ribbon - Set of 50 -  Business Holiday Cards
H5186U-AA,Holiday Table - Set of 50 -  Business Holiday Cards
H5187U-AA,Snowy Hideaway - Set of 50 -  Scenic Holiday Cards
H5188U-AA,Winter Cruisin' - Set of 50 -  Auto Holiday Cards
H5189U-AA,Mary's Song - Set of 50 -  Religious Christmas Cards
H5190U-AA,Tree Trimming - Set of 50 -  Business Christmas Cards
H5191U-AA,Winter Wreath - Set of 50 -  Scenic Holiday Cards
H5192U-AA,Snow Trees Path - Set of 50 -  Scenic Holiday Cards
H5193U-AA,Harbor Greetings - Set of 50 -  Scenic Holiday Cards
H5194U-AA,Financial Packages - Set of 50 -  Financial Holiday Cards
H5195U-AA,Stars and Stripes Holiday - Set of 50 -  Patriotic Holiday Cards
H5196U-AA,Christmas Sparkle - Set of 50 -  Business Christmas Cards
H5197U-AA,Capitol Reef Greetings - Set of 50 -  Scenic Holiday Cards
H5198U-AA,Snowy Home - Set of 50 -  Home Theme Holiday Cards
H5199U-AA,Sunset Wishes - Set of 50 -  Scenic Holiday Cards
H5201KW-AA,Rustic Christmas - Set of 50 -  Recycled Holiday Cards
H5202KW-AA,Sustainable Holidays - Set of 50 -  Recycled Holiday Cards
H5203U-A,Winter Chickadee - Set of 50 -  Scenic Holiday Cards
H5204U-A,Seasonal Wishes - Set of 50 -  Business Christmas Cards
H5205U-A,City Greetings - Set of 50 -  Scenic Holiday Cards
H5206U-A,Snowy Timbers - Set of 50 -  Scenic Holiday Cards
H5207L-A,Snowy Policy - Set of 50 -  Insurance Holiday Cards
H6059G-AAA,Lakeside Color - Set of 50 -  Thanksgiving Cards
H6060G-AAA,Orange Glow - Set of 50 -  Thanksgiving Cards
H6061G-AAA,Aspens - Set of 50 -  Thanksgiving Cards
H6062G-AAA,Vibrant Birch - Set of 50 -  Thanksgiving Cards
H6063G-AAA,Autumn Twilight - Set of 50 -  Thanksgiving Cards
H6064U-AA,Glistening Leaves - Set of 50 -  Thanksgiving Cards
H6065U-AA,Simply Fall - Set of 50 -  Thanksgiving Cards
H6066U-AA,Morning Mist - Set of 50 -  Thanksgiving Cards
H6067U-AA,Seasonal Thanks - Set of 50 -  Thanksgiving Cards
H6068U-AA,Thank You Reflection - Set of 50 -  Thanksgiving Cards
H6069U-AA,Seasonal Home - Set of 50 -  Thanksgiving Cards
H6070U-AA,Thanksgiving Gratitude - Set of 50 -  Thanksgiving Cards
H6071U-A,Colorful Leaves - Set of 50 -  Thanksgiving Cards
H6072U-A,Forest Floor - Set of 50 -  Thanksgiving Cards
H6073D-A,Pumpkin Thanks - Set of 50 -  Thanksgiving Cards
H6074KW-AA,Thankful - Set of 50 -  Recycled Thanksgiving Cards
H6075KW-AA,Fall Swirl - Set of 50 -  Thanksgiving Cards
H6122G-4A,Season's Dreams - Set of 50 -  Business Holiday Cards
H6123S-4A,Winter Berry Holiday - Set of 50 -  Business Holiday Cards
H6124G-4A,Dazzling Snowflakes - Set of 50 -  Business Holiday Cards
H6125G-AAA,Majestic Winter - Set of 50 -  Scenic Holiday Cards
H6126S-AAA,Frosted Greens - Set of 50 -  Scenic Holiday Cards
H6127S-AAA,Winter Wonderland - Set of 50 -  Scenic Holiday Cards
H6128G-AAA,Tis the Season - Set of 50 -  Business Holiday Cards
H6129G-AAA,Snowflake Thank You - Set of 50 -  Business Holiday Cards
H6130S-AAA,American Holiday - Set of 50 -  Patriotic Holiday Cards
H6131G-AAA,Cheers - Set of 50 -  Business Holiday Cards
H6132G-AAA,Elegant Christmas - Set of 50 -  Business Christmas Cards
H6133U-AA,Holiday Flurries - Set of 50 -  Business Holiday Cards
H6134U-AA,Wreath Wishes - Set of 50 -  Scenic Holiday Cards
H6135U-AA,Holiday Ornaments - Set of 50 -  Business Holiday Cards
H6136U-AA,Christmas Wishes - Set of 50 -  Business Christmas Cards
H6137U-AA,Painted Village - Set of 50 -  Scenic Holiday Cards
H6138U-AA,Cozy Christmas - Set of 50 -  Business Christmas Cards
H6139U-AA,Snowy Thank You - Set of 50 -  Scenic Holiday Cards
H6140D-AA,Rustic Wreath - Set of 50 -  Business Holiday Cards
H6141L-AA,Seasonal Snowflakes - Set of 50 -  Business Holiday Cards
H6142U-A,Snowscape - Set of 50 -  Scenic Holiday Cards
H6143U-A,Merry & Bright - Set of 50 -  Business Christmas Cards
H6144U-A,Winter Berry Thanks - Set of 50 -  Scenic Holiday Cards
H6145D-A,Graphic Christmas - Set of 50 -  Business Christmas Cards
H6147D-A,Stained Glass - Set of 50 -  Business Christmas Cards
H6148KW-AA,Peaceful Prairie - Set of 50 -  Recycled Holiday Cards
H6149KW-AA,Nature's Gift - Set of 50 -  Recycled Holiday Cards
H6150T-B,Family Traditions - Set of 50 -  Budget Holiday Cards
H6151U-AA,Tree of the Seasons - Set of 50 -  Business Holiday Cards
H6152U-AA,Home for Christmas - Set of 50 -  Business Christmas Cards
H6153U-AA,Over the Bridge - Set of 50 -  Business Holiday Cards
H6154U-AA,Cheers to the New Year 2017 - Set of 50 -  Business New Year's Cards
H6155U-AA,Happy New Year - Set of 50 -  Business New Year's Cards
H6156U-AA,Light of the World - Set of 50 -  Religious Christmas Cards
H6157U-AA,Messiah - Set of 50 -  Religious Christmas Cards
H6158U-AA,Relaxing Holiday - Set of 50 -  Tropical Holiday Cards
H6159U-AA,Season's Savings - Set of 50 -  Financial Holiday Cards
H6160L-A,Merry & Bright Policy - Set of 50 -  Insurance Holiday Cards
H6161U-AA,Holiday Travels - Set of 50 -  Automotive Holiday Cards
H6163U-A,Holiday Rims - Set of 50 -  Automotive Holiday Cards
H6164U-AA,Global Holiday - Set of 50 -  International Holiday Cards
H6165U-AA,Ornamento - Set of 50 -  Spanish Holiday Cards
H6166U-AA,Arbol de Navidad - Set of 50 -  Spanish Holiday Cards
H6167U-AA,Western Holidays - Set of 50 -  Business Holiday Cards
H6175U-AAA,Red Berry Die Cut - Set of 50 -  Die Cut Holiday Cards
H6176U-AAA,Christmas Stocking Die Cut - Set of 50 -  Die Cut Christmas Cards
H6177U-AAA,Golden Holiday Die Cut - Set of 50 -  Die Cut Holiday Cards
H6178U-AA,Snowy Trees Die Cut - Set of 50 -  Die Cut Holiday Cards
H6179U-AAA,Traditional Wreath Die Cut - Set of 50 -  Die Cut Holiday Cards
H6180U-AAA,Casual Wreath Die Cut - Set of 50 -  Die Cut Holiday Cards
H6181U-AAA,Red Ornaments Die Cut - Set of 50 -  Die Cut Christmas Cards
H6182U-4A,Holiday Swirls Die Cut - Set of 50 -  Die Cut Holiday Cards
H6183U-AA,Colorful 2017 - Set of 50 -  Business New Year's Cards
H6184U-AA,Foil New Year 2017 - Set of 50 -  Business New Year's Cards
H6186G-AAA,Embossed Forest Path - Set of 50 -  Scenic Holiday Cards
H8554D-AA,Filled With Joy - Set of 50 -  Auto Holiday Cards
H9520U-AA,Radiant Thank You - Set of 50 -  Business Thanksgiving Cards
HX544S-4A,Classic Holly Border - Set of 50 -  Business Holiday Cards
HX561U-AA,Wall Street Wreath - Set of 50 -  Financial Holiday Cards
HX580U-A,Tropical Surprise - Set of 50 -  Travel Holiday Cards
M117M-B,Thanksgiving Letterhead - Set of 50 -  Thanksgiving Letterhead
SS2017,Scenic Seasons - 2017 Desk Calendars (Set of 50)
SW2017,Scenic World -2017 Desk Calendars (Set of 50)
TT2017,Timely Topics - 2017 Desk Calendars (Set of 50)
WSDCSA,Scenes Across America - 2017 Desk Calendars (Set of 50)
WSDCWW,Wonders of the World - 2017 Desk Calendars (Set of 50)
X19U-X,Birthday Exchange - Set of 50 -  Financial Birthday Cards
X35P-ZZ,Present Postcard - Set of 50 -  Business Birthday PostCards
X39U-Y,Feliz Cumpleanos - Set of 50 -  Spanish Birthday Cards
X40R-Y,Chinese Birthday - Set of 50 -  Chinese Birthday Cards
X41D-Y,Festive Pinata - Set of 50 -  Spanish Birthday Cards
X45D-X,Executive Anniversary - Set of 50 -  Corporate Anniversary Cards
X47D-X,Classic Thank You - Set of 50 -  Business Thank You Cards
X48D-X,Happy Birthday America - Set of 50 -  4th of July Cards
X49D-Y,Pastel Valentine - Set of 50 -  Valentine's Day Cards
X515G-AAA,Thanks for Business Leaves - Set of 50 -  Business Thanksgiving Cards
X51D-Y,Bunny's Eggs - Set of 50 -  Easter Cards
X525U-A,Simple Beauty - Set of 50 -  Thanksgiving Cards
X52D-Y,Spider Web - Set of 50 -  Halloween Cards
X531KW-AA,Falling Leaves - Set of 50 -  Recycled Thanksgiving Cards
X548S-AAA,Snowflake Swirls - Set of 50 -  Business Holiday Cards
X549S-AAA,Patriotic Ornament - Set of 50 -  Patriotic Holiday Cards
X555G-AAA,World of Peace - Set of 50 -  International Holiday Cards
X557G-AAA,Rejoice Emmanuel - Set of 50 -  Religious Christmas Cards
X559U-AA,Sparkle Stream - Set of 50 -  Scenic Holiday Cards
X562U-AA,Auto Greetings - Set of 50 -  Automotive Holiday Cards
X563U-AA,Holiday Tree - Set of 50 -  Business Holiday Cards
X570U-AA,Painted City - Set of 50 -  Business Holiday Cards
X572U-AA,Starry New Year - Set of 50 -  New Year's Cards
X578U-A,Happy Hanukkah - Set of 50 -  Jewish Holiday Cards
X57P-ZZ,Referral Thank You Postcard - Set of 50 -  Referral Thank You Cards
X584L-A,Winter Policy - Set of 50 -  Insurance Holiday Cards
X585T-B,Holly Berries - Set of 50 -  Scenic Holiday Cards
X586T-B,Peace - Set of 50 -  International Holiday Cards
X587P-BB,Holiday Cheer Postcard - Set of 50 -  Holiday PostCards
X588P-BB,Seasonal Plaid Postcard - Set of 50 -  Holiday PostCards
X589KW-AA,Green Ornaments - Set of 50 -  Recycled Holiday Cards
X58P-ZZ,Referral Request Postcard - Set of 50 -  Referral Thank You Cards
X590KW-AA,Frosted Trees - Set of 50 -  Recycled Holiday Cards
X59P-ZZ,Appointment Thanks Postcard - Set of 50 -  Appointment Thank You Cards
X60T-Z,Appointment Thanks - Set of 50 -  Appointment Thank You Cards
X62U-Y,Grand Canyon - Set of 50 -  Business Note Cards
